CREATE DATABASE  IF NOT EXISTS `week11Lab` /*!40100 DEFAULT CHARACTER SET utf8mb4 COLLATE utf8mb4_0900_ai_ci */ /*!80016 DEFAULT ENCRYPTION='N' */;
USE `Week11Lab`;
-- MySQL dump 10.13  Distrib 8.0.22, for Win64 (x86_64)
--
-- Host: localhost    Database: university_db
-- ------------------------------------------------------
-- Server version	8.0.22

/*!40101 SET @OLD_CHARACTER_SET_CLIENT=@@CHARACTER_SET_CLIENT */;
/*!40101 SET @OLD_CHARACTER_SET_RESULTS=@@CHARACTER_SET_RESULTS */;
/*!40101 SET @OLD_COLLATION_CONNECTION=@@COLLATION_CONNECTION */;
/*!50503 SET NAMES utf8 */;
/*!40103 SET @OLD_TIME_ZONE=@@TIME_ZONE */;
/*!40103 SET TIME_ZONE='+00:00' */;
/*!40014 SET @OLD_UNIQUE_CHECKS=@@UNIQUE_CHECKS, UNIQUE_CHECKS=0 */;
/*!40014 SET @OLD_FOREIGN_KEY_CHECKS=@@FOREIGN_KEY_CHECKS, FOREIGN_KEY_CHECKS=0 */;
/*!40101 SET @OLD_SQL_MODE=@@SQL_MODE, SQL_MODE='NO_AUTO_VALUE_ON_ZERO' */;
/*!40111 SET @OLD_SQL_NOTES=@@SQL_NOTES, SQL_NOTES=0 */;

--
-- Table structure for table `club`
--

DROP TABLE IF EXISTS `club`;
/*!40101 SET @saved_cs_client     = @@character_set_client */;
/*!50503 SET character_set_client = utf8mb4 */;
CREATE TABLE `club` (
  `ClubID` int NOT NULL,
  `ClubName` text,
  `ClubChairman` int DEFAULT NULL,
  `Budget` int DEFAULT NULL,
  PRIMARY KEY (`ClubID`)
) ENGINE=InnoDB DEFAULT CHARSET=utf8mb4 COLLATE=utf8mb4_0900_ai_ci;
/*!40101 SET character_set_client = @saved_cs_client */;

--
-- Dumping data for table `club`
--

LOCK TABLES `club` WRITE;
/*!40000 ALTER TABLE `club` DISABLE KEYS */;
INSERT INTO `club` VALUES (1,'Paint It',141,43000),(2,'Urban Adventurers',37,313000),(3,'Outdoorsy People',54,269000),(4,'Urban Profs',150,525000),(5,'More Than Foodies',270,782000),(6,'Support Your Sport Club',237,922000),(7,'Birds of a Feather',338,1277000),(8,'Smarties Empower',121,609000),(9,'Social Elite',91,880000),(10,'Urban Snob',247,1488000),(11,'Deal Chasers',43,199000),(12,'Out and About Social Club',115,643000),(13,'The Pen Club',80,740000),(14,'Happy, Healthy, Fit',206,1034000),(15,'Tango and Beyond Social Club',57,1108000),(16,'We Are Linked',257,539000),(17,'The Network',10,653000),(18,'Sportsninjas',219,1115000),(19,'Foodify',77,1330000),(20,'Chessmasters',200,354000),(21,'GoClub',324,519000),(22,'Young Sailors',71,919000),(23,'Fishing Adventures',230,1111000),(24,'Golf 4 life',64,732000),(25,'Arts and Craft',198,755000);
/*!40000 ALTER TABLE `club` ENABLE KEYS */;
UNLOCK TABLES;

--
-- Table structure for table `course`
--

DROP TABLE IF EXISTS `course`;
/*!40101 SET @saved_cs_client     = @@character_set_client */;
/*!50503 SET character_set_client = utf8mb4 */;
CREATE TABLE `course` (
  `CID` int DEFAULT NULL,
  `CourseCode` text,
  `CourseName` text,
  `Department` int DEFAULT NULL,
  `Year` int DEFAULT NULL,
  `Semester` int DEFAULT NULL,
  `InstructorID` int DEFAULT NULL
) ENGINE=InnoDB DEFAULT CHARSET=utf8mb4 COLLATE=utf8mb4_0900_ai_ci;
/*!40101 SET character_set_client = @saved_cs_client */;

--
-- Dumping data for table `course`
--

LOCK TABLES `course` WRITE;
/*!40000 ALTER TABLE `course` DISABLE KEYS */;
INSERT INTO `course` VALUES (1,'HIST243','History of Religion',5,2015,2,13),(2,'SPR384','Sports Coaching',10,2015,2,11),(3,'INTR447','International Politics',6,2015,1,3),(4,'INTR272','Conflict Theory',6,2015,1,5),(5,'MATH345','Mathematical Logic',8,2015,1,6),(6,'INTR415','Sociology of Government',6,2015,1,22),(7,'ECO446','Financial Econometrics',3,2015,1,1),(8,'ECO184','Public Finance',3,2015,2,7),(9,'HIST267','Finnish History',5,2015,1,15),(10,'PSYC108','Behavioral Sociology',9,2015,1,17),(11,'HIST284','East Asian Studies',5,2015,2,23),(12,'ECO335','Entrepreneurial Economics',3,2015,1,18),(13,'PSYC166','Critical Sociology',9,2015,2,46),(14,'GEOG498','Geology',4,2015,1,12),(15,'GEOG303','Physical Geography',4,2015,2,16),(16,'ECO124','Conflict Theory',3,2015,2,32),(17,'PSYC116','Communication Studies',9,2015,1,49),(18,'ART417','Musicology',1,2015,1,21),(19,'HIST377','Type Theory',5,2015,2,20),(20,'ART451','Printmaking',1,2015,2,24),(21,'PSYC160','Humanistic Psychology',9,2015,2,17),(22,'LNG248','Japanese Studies',7,2015,1,2),(23,'MATH197','Particle Physics',8,2015,2,30),(24,'ART235','Landscape Design',1,2015,1,33),(25,'HIST184','Contemporary Philosophy',5,2015,2,23),(26,'HIST198','Poetics',5,2015,1,20),(27,'ART432','Film Studies',1,2015,2,33),(28,'HIST167','Theology',5,2015,1,13),(29,'INTR188','Environmental Policy and Governance',6,2015,1,27),(30,'ART283','Music Performance',1,2015,1,33),(31,'COMP126','Computational Complexity',2,2015,2,25),(32,'COMP454','Computer Forensics',2,2015,2,29),(33,'COMP387','Computational Economics',2,2015,2,51),(34,'MATH454','Number Theory',8,2015,2,38),(35,'LNG121','English Literature',7,2015,1,8),(36,'COMP297','Computer Science',2,2015,1,25),(37,'PSYC340','Occupational Psychology',9,2015,1,46),(38,'HIST257','Brazilian History',5,2015,2,15),(39,'HIST288','Scandinavian History',5,2015,2,50),(40,'COMP421','Grid Computing',2,2015,1,29),(41,'PSYC186','Philosophy of Social Science',9,2015,1,49),(42,'MATH336','Optics',8,2015,1,6),(43,'ECO473','Monetary Economics',3,2015,2,1),(44,'GEOG342','Russian Archaeology',4,2015,1,26),(45,'INTR218','Interactionism',6,2015,1,3),(46,'PSYC321','Humanism',9,2015,1,17),(47,'GEOG417','Paleoanthropology',4,2015,1,31),(48,'ECO345','Economic Policy',3,2015,1,7),(1,'HIST243','History of Religion',5,2017,2,50),(2,'SPR384','Sports Coaching',10,2017,2,24),(3,'INTR447','International Politics',6,2017,1,5),(4,'INTR272','Conflict Theory',6,2017,1,22),(5,'MATH345','Mathematical Logic',8,2017,1,30),(6,'INTR415','Sociology of Government',6,2017,1,27),(7,'ECO446','Financial Econometrics',3,2017,1,18),(8,'ECO184','Public Finance',3,2017,2,32),(9,'HIST267','Finnish History',5,2017,1,50),(10,'PSYC108','Behavioral Sociology',9,2017,1,46),(11,'HIST284','East Asian Studies',5,2017,2,23),(12,'ECO335','Entrepreneurial Economics',3,2017,1,1),(13,'PSYC166','Critical Sociology',9,2017,2,49),(14,'GEOG498','Geology',4,2017,1,12),(15,'GEOG303','Physical Geography',4,2017,2,16),(16,'ECO124','Conflict Theory',3,2017,2,7),(17,'PSYC116','Communication Studies',9,2017,1,56),(18,'ART417','Musicology',1,2017,1,11),(19,'HIST377','Type Theory',5,2017,2,28),(20,'ART451','Printmaking',1,2017,2,10),(21,'PSYC160','Humanistic Psychology',9,2017,2,56),(22,'LNG248','Japanese Studies',7,2017,1,9),(23,'MATH197','Particle Physics',8,2017,2,38),(24,'ART235','Landscape Design',1,2017,1,4),(25,'HIST184','Contemporary Philosophy',5,2017,2,28),(26,'HIST198','Poetics',5,2017,1,28),(27,'ART432','Film Studies',1,2017,2,4),(28,'HIST167','Theology',5,2017,1,28),(29,'INTR188','Environmental Policy and Governance',6,2017,1,3),(30,'ART283','Music Performance',1,2017,1,4),(31,'COMP126','Computational Complexity',2,2017,2,51),(32,'COMP454','Computer Forensics',2,2017,2,25),(33,'COMP387','Computational Economics',2,2017,2,29),(34,'MATH454','Number Theory',8,2017,2,6),(35,'LNG121','English Literature',7,2017,1,2),(36,'COMP297','Computer Science',2,2017,1,51),(37,'PSYC340','Occupational Psychology',9,2017,1,56),(38,'HIST257','Brazilian History',5,2017,2,13),(39,'HIST288','Scandinavian History',5,2017,2,15),(40,'COMP421','Grid Computing',2,2017,1,25),(41,'PSYC186','Philosophy of Social Science',9,2017,1,56),(42,'MATH336','Optics',8,2017,1,30),(43,'ECO473','Monetary Economics',3,2017,2,18),(44,'GEOG342','Russian Archaeology',4,2017,1,26),(45,'INTR218','Interactionism',6,2017,1,5),(46,'PSYC321','Humanism',9,2017,1,56),(47,'GEOG417','Paleoanthropology',4,2017,1,31),(48,'ECO345','Economic Policy',3,2017,1,32),(1,'HIST243','History of Religion',5,2018,2,15),(2,'SPR384','Sports Coaching',10,2018,2,48),(3,'INTR447','International Politics',6,2018,1,22),(4,'INTR272','Conflict Theory',6,2018,1,27),(5,'MATH345','Mathematical Logic',8,2018,1,38),(6,'INTR415','Sociology of Government',6,2018,1,44),(7,'ECO446','Financial Econometrics',3,2018,1,1),(8,'ECO184','Public Finance',3,2018,2,7),(9,'HIST267','Finnish History',5,2018,1,15),(10,'PSYC108','Behavioral Sociology',9,2018,1,17),(11,'HIST284','East Asian Studies',5,2018,2,13),(12,'ECO335','Entrepreneurial Economics',3,2018,1,18),(13,'PSYC166','Critical Sociology',9,2018,2,26),(14,'GEOG498','Geology',4,2018,1,12),(15,'GEOG303','Physical Geography',4,2018,2,16),(16,'ECO124','Conflict Theory',3,2018,2,32),(17,'PSYC116','Communication Studies',9,2018,1,49),(18,'ART417','Musicology',1,2018,1,59),(19,'HIST377','Type Theory',5,2018,2,13),(20,'ART451','Printmaking',1,2018,2,59),(21,'PSYC160','Humanistic Psychology',9,2018,2,46),(22,'LNG248','Japanese Studies',7,2018,1,8),(23,'MATH197','Particle Physics',8,2018,2,6),(24,'ART235','Landscape Design',1,2018,1,64),(25,'HIST184','Contemporary Philosophy',5,2018,2,13),(26,'HIST198','Poetics',5,2018,1,13),(27,'ART432','Film Studies',1,2018,2,64),(28,'HIST167','Theology',5,2018,1,13),(29,'INTR188','Environmental Policy and Governance',6,2018,1,44),(30,'ART283','Music Performance',1,2018,1,64),(31,'COMP126','Computational Complexity',2,2018,2,29),(32,'COMP454','Computer Forensics',2,2018,2,51),(33,'COMP387','Computational Economics',2,2018,2,25),(34,'MATH454','Number Theory',8,2018,2,30),(35,'LNG121','English Literature',7,2018,1,9),(36,'COMP297','Computer Science',2,2018,1,29),(37,'PSYC340','Occupational Psychology',9,2018,1,49),(38,'HIST257','Brazilian History',5,2018,2,15),(39,'HIST288','Scandinavian History',5,2018,2,28),(40,'COMP421','Grid Computing',2,2018,1,51),(41,'PSYC186','Philosophy of Social Science',9,2018,1,46),(42,'MATH336','Optics',8,2018,1,38),(43,'ECO473','Monetary Economics',3,2018,2,45),(44,'GEOG342','Russian Archaeology',4,2018,1,26),(45,'INTR218','Interactionism',6,2018,1,44),(46,'PSYC321','Humanism',9,2018,1,49),(47,'GEOG417','Paleoanthropology',4,2018,1,31),(48,'ECO345','Economic Policy',3,2018,1,61),(1,'HIST243','History of Religion',5,2016,2,50),(2,'SPR384','Sports Coaching',10,2016,2,64),(3,'INTR447','International Politics',6,2016,1,44),(4,'INTR272','Conflict Theory',6,2016,1,44),(5,'MATH345','Mathematical Logic',8,2016,1,6),(6,'INTR415','Sociology of Government',6,2016,1,5),(7,'ECO446','Financial Econometrics',3,2016,1,45),(8,'ECO184','Public Finance',3,2016,2,61),(9,'HIST267','Finnish History',5,2016,1,50),(10,'PSYC108','Behavioral Sociology',9,2016,1,46),(11,'HIST284','East Asian Studies',5,2016,2,50),(12,'ECO335','Entrepreneurial Economics',3,2016,1,45),(13,'PSYC166','Critical Sociology',9,2016,2,17),(14,'GEOG498','Geology',4,2016,1,12),(15,'GEOG303','Physical Geography',4,2016,2,16),(16,'ECO124','Conflict Theory',3,2016,2,61),(17,'PSYC116','Communication Studies',9,2016,1,17),(18,'ART417','Musicology',1,2016,1,21),(19,'HIST377','Type Theory',5,2016,2,13),(20,'ART451','Printmaking',1,2016,2,24),(21,'PSYC160','Humanistic Psychology',9,2016,2,17),(22,'LNG248','Japanese Studies',7,2016,1,2),(23,'MATH197','Particle Physics',8,2016,2,30),(24,'ART235','Landscape Design',1,2016,1,33),(25,'HIST184','Contemporary Philosophy',5,2016,2,15),(26,'HIST198','Poetics',5,2016,1,28),(27,'ART432','Film Studies',1,2016,2,33),(28,'HIST167','Theology',5,2016,1,28),(29,'INTR188','Environmental Policy and Governance',6,2016,1,5),(30,'ART283','Music Performance',1,2016,1,33),(31,'COMP126','Computational Complexity',2,2016,2,25),(32,'COMP454','Computer Forensics',2,2016,2,29),(33,'COMP387','Computational Economics',2,2016,2,51),(34,'MATH454','Number Theory',8,2016,2,38),(35,'LNG121','English Literature',7,2016,1,8),(36,'COMP297','Computer Science',2,2016,1,25),(37,'PSYC340','Occupational Psychology',9,2016,1,49),(38,'HIST257','Brazilian History',5,2016,2,23),(39,'HIST288','Scandinavian History',5,2016,2,23),(40,'COMP421','Grid Computing',2,2016,1,29),(41,'PSYC186','Philosophy of Social Science',9,2016,1,49),(42,'MATH336','Optics',8,2016,1,38),(43,'ECO473','Monetary Economics',3,2016,2,45),(44,'GEOG342','Russian Archaeology',4,2016,1,26),(45,'INTR218','Interactionism',6,2016,1,5),(46,'PSYC321','Humanism',9,2016,1,17),(47,'GEOG417','Paleoanthropology',4,2016,1,31),(48,'ECO345','Economic Policy',3,2016,1,61);
/*!40000 ALTER TABLE `course` ENABLE KEYS */;
UNLOCK TABLES;

--
-- Table structure for table `department`
--

DROP TABLE IF EXISTS `department`;
/*!40101 SET @saved_cs_client     = @@character_set_client */;
/*!50503 SET character_set_client = utf8mb4 */;
CREATE TABLE `department` (
  `DeptID` int DEFAULT NULL,
  `DeptName` text,
  `DeptDean` int DEFAULT NULL,
  `DeptBudget` int DEFAULT NULL
) ENGINE=InnoDB DEFAULT CHARSET=utf8mb4 COLLATE=utf8mb4_0900_ai_ci;
/*!40101 SET character_set_client = @saved_cs_client */;

--
-- Dumping data for table `department`
--

LOCK TABLES `department` WRITE;
/*!40000 ALTER TABLE `department` DISABLE KEYS */;
INSERT INTO `department` VALUES (1,'Department of Art and Music',47,2504000),(2,'Department of Computer Engineering',25,7108000),(3,'Department of Economics',1,6539000),(4,'Department of Geography',43,5653000),(5,'Department of History',50,1115000),(6,'Department of International Relations and Politics',22,1330000),(7,'Department of Language Studies',37,1354000),(8,'Department of Mathematics',6,1519000),(9,'Department of Psychology',46,1919000),(10,'Department of Sports',4,1111000);
/*!40000 ALTER TABLE `department` ENABLE KEYS */;
UNLOCK TABLES;

--
-- Table structure for table `exam`
--

DROP TABLE IF EXISTS `exam`;
/*!40101 SET @saved_cs_client     = @@character_set_client */;
/*!50503 SET character_set_client = utf8mb4 */;
CREATE TABLE `exam` (
  `ExamID` int DEFAULT NULL,
  `CID` int DEFAULT NULL,
  `ExamType` text,
  `Year` int DEFAULT NULL,
  `StudentID` int DEFAULT NULL,
  `Grade` int DEFAULT NULL
) ENGINE=InnoDB DEFAULT CHARSET=utf8mb4 COLLATE=utf8mb4_0900_ai_ci;
/*!40101 SET character_set_client = @saved_cs_client */;

--
-- Dumping data for table `exam`
--

LOCK TABLES `exam` WRITE;
/*!40000 ALTER TABLE `exam` DISABLE KEYS */;
INSERT INTO `exam` VALUES (1,6,'Quiz',2015,190,73),(2,6,'Quiz',2015,356,77),(3,6,'Quiz',2015,75,22),(4,6,'Quiz',2015,2,65),(5,6,'Quiz',2015,73,52),(6,6,'Quiz',2015,287,48),(7,6,'Quiz',2015,39,34),(8,6,'Quiz',2015,283,12),(9,6,'Quiz',2015,340,79),(10,6,'Quiz',2015,280,22),(11,6,'Quiz',2015,28,72),(12,6,'Quiz',2015,172,76),(13,6,'Quiz',2015,179,29),(14,6,'Quiz',2015,151,100),(15,6,'Quiz',2015,266,35),(16,6,'Quiz',2015,15,79),(17,6,'Quiz',2015,317,72),(18,6,'Quiz',2015,160,3),(19,6,'Quiz',2015,94,56),(20,6,'Quiz',2015,268,38),(21,6,'Quiz',2015,24,29),(22,6,'Lab',2015,190,77),(23,6,'Lab',2015,356,40),(24,6,'Lab',2015,75,51),(25,6,'Lab',2015,2,79),(26,6,'Lab',2015,73,44),(27,6,'Lab',2015,287,25),(28,6,'Lab',2015,39,31),(29,6,'Lab',2015,283,63),(30,6,'Lab',2015,340,16),(31,6,'Lab',2015,280,62),(32,6,'Lab',2015,28,88),(33,6,'Lab',2015,172,48),(34,6,'Lab',2015,179,40),(35,6,'Lab',2015,151,68),(36,6,'Lab',2015,266,92),(37,6,'Lab',2015,15,18),(38,6,'Lab',2015,317,66),(39,6,'Lab',2015,160,90),(40,6,'Lab',2015,94,24),(41,6,'Lab',2015,268,88),(42,6,'Lab',2015,24,51),(43,6,'Midterm',2015,190,26),(44,6,'Midterm',2015,356,34),(45,6,'Midterm',2015,75,42),(46,6,'Midterm',2015,2,23),(47,6,'Midterm',2015,73,31),(48,6,'Midterm',2015,287,44),(49,6,'Midterm',2015,39,38),(50,6,'Midterm',2015,283,31),(51,6,'Midterm',2015,340,89),(52,6,'Midterm',2015,280,42),(53,6,'Midterm',2015,28,46),(54,6,'Midterm',2015,172,15),(55,6,'Midterm',2015,179,75),(56,6,'Midterm',2015,151,82),(57,6,'Midterm',2015,266,44),(58,6,'Midterm',2015,15,98),(59,6,'Midterm',2015,317,66),(60,6,'Midterm',2015,160,75),(61,6,'Midterm',2015,94,82),(62,6,'Midterm',2015,268,6),(63,6,'Midterm',2015,24,55),(64,6,'Final',2015,190,45),(65,6,'Final',2015,356,13),(66,6,'Final',2015,75,16),(67,6,'Final',2015,2,33),(68,6,'Final',2015,73,91),(69,6,'Final',2015,287,66),(70,6,'Final',2015,39,42),(71,6,'Final',2015,283,71),(72,6,'Final',2015,340,49),(73,6,'Final',2015,280,16),(74,6,'Final',2015,28,69),(75,6,'Final',2015,172,84),(76,6,'Final',2015,179,49),(77,6,'Final',2015,151,13),(78,6,'Final',2015,266,26),(79,6,'Final',2015,15,0),(80,6,'Final',2015,317,17),(81,6,'Final',2015,160,17),(82,6,'Final',2015,94,80),(83,6,'Final',2015,268,12),(84,6,'Final',2015,24,33),(85,7,'Quiz',2015,252,26),(86,7,'Quiz',2015,249,15),(87,7,'Quiz',2015,208,15),(88,7,'Quiz',2015,203,32),(89,7,'Quiz',2015,130,99),(90,7,'Quiz',2015,117,57),(91,7,'Quiz',2015,246,16),(92,7,'Quiz',2015,199,9),(93,7,'Quiz',2015,297,51),(94,7,'Quiz',2015,236,50),(95,7,'Lab',2015,252,72),(96,7,'Lab',2015,249,87),(97,7,'Lab',2015,208,38),(98,7,'Lab',2015,203,67),(99,7,'Lab',2015,130,42),(100,7,'Lab',2015,117,36),(101,7,'Lab',2015,246,31),(102,7,'Lab',2015,199,38),(103,7,'Lab',2015,297,77),(104,7,'Lab',2015,236,84),(105,7,'Midterm',2015,252,56),(106,7,'Midterm',2015,249,65),(107,7,'Midterm',2015,208,63),(108,7,'Midterm',2015,203,84),(109,7,'Midterm',2015,130,37),(110,7,'Midterm',2015,117,51),(111,7,'Midterm',2015,246,58),(112,7,'Midterm',2015,199,97),(113,7,'Midterm',2015,297,48),(114,7,'Midterm',2015,236,41),(115,7,'Final',2015,252,93),(116,7,'Final',2015,249,58),(117,7,'Final',2015,208,39),(118,7,'Final',2015,203,43),(119,7,'Final',2015,130,28),(120,7,'Final',2015,117,52),(121,7,'Final',2015,246,2),(122,7,'Final',2015,199,36),(123,7,'Final',2015,297,58),(124,7,'Final',2015,236,99),(125,8,'Quiz',2015,42,89),(126,8,'Quiz',2015,51,68),(127,8,'Quiz',2015,179,76),(128,8,'Quiz',2015,202,81),(129,8,'Quiz',2015,32,86),(130,8,'Quiz',2015,131,64),(131,8,'Quiz',2015,344,63),(132,8,'Quiz',2015,257,60),(133,8,'Quiz',2015,350,81),(134,8,'Quiz',2015,56,86),(135,8,'Quiz',2015,176,66),(136,8,'Quiz',2015,153,72),(137,8,'Quiz',2015,15,47),(138,8,'Quiz',2015,264,65),(139,8,'Quiz',2015,313,23),(140,8,'Quiz',2015,29,8),(141,8,'Quiz',2015,35,4),(142,8,'Quiz',2015,188,13),(143,8,'Lab',2015,42,10),(144,8,'Lab',2015,51,15),(145,8,'Lab',2015,179,87),(146,8,'Lab',2015,202,100),(147,8,'Lab',2015,32,80),(148,8,'Lab',2015,131,35),(149,8,'Lab',2015,344,47),(150,8,'Lab',2015,257,62),(151,8,'Lab',2015,350,53),(152,8,'Lab',2015,56,84),(153,8,'Lab',2015,176,66),(154,8,'Lab',2015,153,5),(155,8,'Lab',2015,15,29),(156,8,'Lab',2015,264,55),(157,8,'Lab',2015,313,71),(158,8,'Lab',2015,29,40),(159,8,'Lab',2015,35,65),(160,8,'Lab',2015,188,66),(161,8,'Midterm',2015,42,22),(162,8,'Midterm',2015,51,76),(163,8,'Midterm',2015,179,27),(164,8,'Midterm',2015,202,79),(165,8,'Midterm',2015,32,36),(166,8,'Midterm',2015,131,36),(167,8,'Midterm',2015,344,67),(168,8,'Midterm',2015,257,16),(169,8,'Midterm',2015,350,98),(170,8,'Midterm',2015,56,57),(171,8,'Midterm',2015,176,69),(172,8,'Midterm',2015,153,100),(173,8,'Midterm',2015,15,88),(174,8,'Midterm',2015,264,49),(175,8,'Midterm',2015,313,74),(176,8,'Midterm',2015,29,50),(177,8,'Midterm',2015,35,59),(178,8,'Midterm',2015,188,37),(179,8,'Final',2015,42,15),(180,8,'Final',2015,51,8),(181,8,'Final',2015,179,93),(182,8,'Final',2015,202,43),(183,8,'Final',2015,32,94),(184,8,'Final',2015,131,37),(185,8,'Final',2015,344,51),(186,8,'Final',2015,257,98),(187,8,'Final',2015,350,94),(188,8,'Final',2015,56,42),(189,8,'Final',2015,176,5),(190,8,'Final',2015,153,58),(191,8,'Final',2015,15,19),(192,8,'Final',2015,264,15),(193,8,'Final',2015,313,86),(194,8,'Final',2015,29,70),(195,8,'Final',2015,35,67),(196,8,'Final',2015,188,53),(197,9,'Quiz',2015,317,16),(198,9,'Quiz',2015,249,70),(199,9,'Quiz',2015,269,86),(200,9,'Quiz',2015,296,44),(201,9,'Quiz',2015,184,53),(202,9,'Quiz',2015,25,6),(203,9,'Quiz',2015,292,37),(204,9,'Quiz',2015,338,17),(205,9,'Quiz',2015,119,32),(206,9,'Lab',2015,317,74),(207,9,'Lab',2015,249,82),(208,9,'Lab',2015,269,91),(209,9,'Lab',2015,296,71),(210,9,'Lab',2015,184,46),(211,9,'Lab',2015,25,90),(212,9,'Lab',2015,292,13),(213,9,'Lab',2015,338,58),(214,9,'Lab',2015,119,94),(215,9,'Midterm',2015,317,77),(216,9,'Midterm',2015,249,51),(217,9,'Midterm',2015,269,52),(218,9,'Midterm',2015,296,61),(219,9,'Midterm',2015,184,43),(220,9,'Midterm',2015,25,76),(221,9,'Midterm',2015,292,72),(222,9,'Midterm',2015,338,33),(223,9,'Midterm',2015,119,64),(224,9,'Final',2015,317,60),(225,9,'Final',2015,249,31),(226,9,'Final',2015,269,100),(227,9,'Final',2015,296,48),(228,9,'Final',2015,184,73),(229,9,'Final',2015,25,39),(230,9,'Final',2015,292,64),(231,9,'Final',2015,338,62),(232,9,'Final',2015,119,60),(233,10,'Quiz',2015,100,17),(234,10,'Quiz',2015,245,75),(235,10,'Lab',2015,100,82),(236,10,'Lab',2015,245,32),(237,10,'Midterm',2015,100,66),(238,10,'Midterm',2015,245,48),(239,10,'Final',2015,100,17),(240,10,'Final',2015,245,99),(241,11,'Quiz',2015,273,10),(242,11,'Quiz',2015,58,11),(243,11,'Quiz',2015,216,25),(244,11,'Quiz',2015,103,27),(245,11,'Quiz',2015,5,68),(246,11,'Lab',2015,273,28),(247,11,'Lab',2015,58,76),(248,11,'Lab',2015,216,6),(249,11,'Lab',2015,103,10),(250,11,'Lab',2015,5,94),(251,11,'Midterm',2015,273,95),(252,11,'Midterm',2015,58,85),(253,11,'Midterm',2015,216,48),(254,11,'Midterm',2015,103,27),(255,11,'Midterm',2015,5,8),(256,11,'Final',2015,273,3),(257,11,'Final',2015,58,83),(258,11,'Final',2015,216,30),(259,11,'Final',2015,103,93),(260,11,'Final',2015,5,51),(261,12,'Quiz',2015,236,17),(262,12,'Quiz',2015,148,33),(263,12,'Quiz',2015,250,40),(264,12,'Quiz',2015,22,72),(265,12,'Quiz',2015,207,18),(266,12,'Quiz',2015,78,22),(267,12,'Lab',2015,236,18),(268,12,'Lab',2015,148,57),(269,12,'Lab',2015,250,43),(270,12,'Lab',2015,22,83),(271,12,'Lab',2015,207,41),(272,12,'Lab',2015,78,90),(273,12,'Midterm',2015,236,57),(274,12,'Midterm',2015,148,51),(275,12,'Midterm',2015,250,33),(276,12,'Midterm',2015,22,87),(277,12,'Midterm',2015,207,14),(278,12,'Midterm',2015,78,82),(279,12,'Final',2015,236,85),(280,12,'Final',2015,148,92),(281,12,'Final',2015,250,36),(282,12,'Final',2015,22,34),(283,12,'Final',2015,207,18),(284,12,'Final',2015,78,68),(285,13,'Quiz',2015,90,50),(286,13,'Quiz',2015,140,53),(287,13,'Quiz',2015,134,34),(288,13,'Quiz',2015,15,43),(289,13,'Quiz',2015,27,57),(290,13,'Quiz',2015,354,78),(291,13,'Quiz',2015,270,4),(292,13,'Quiz',2015,270,97),(293,13,'Quiz',2015,164,83),(294,13,'Quiz',2015,89,41),(295,13,'Quiz',2015,85,85),(296,13,'Quiz',2015,263,86),(297,13,'Quiz',2015,348,70),(298,13,'Quiz',2015,160,37),(299,13,'Quiz',2015,160,5),(300,13,'Quiz',2015,330,2),(301,13,'Quiz',2015,211,53),(302,13,'Lab',2015,90,57),(303,13,'Lab',2015,140,72),(304,13,'Lab',2015,134,92),(305,13,'Lab',2015,15,9),(306,13,'Lab',2015,27,53),(307,13,'Lab',2015,354,47),(308,13,'Lab',2015,270,41),(309,13,'Lab',2015,270,41),(310,13,'Lab',2015,164,66),(311,13,'Lab',2015,89,8),(312,13,'Lab',2015,85,16),(313,13,'Lab',2015,263,23),(314,13,'Lab',2015,348,100),(315,13,'Lab',2015,160,84),(316,13,'Lab',2015,160,69),(317,13,'Lab',2015,330,72),(318,13,'Lab',2015,211,57),(319,13,'Midterm',2015,90,30),(320,13,'Midterm',2015,140,19),(321,13,'Midterm',2015,134,17),(322,13,'Midterm',2015,15,50),(323,13,'Midterm',2015,27,95),(324,13,'Midterm',2015,354,45),(325,13,'Midterm',2015,270,90),(326,13,'Midterm',2015,270,99),(327,13,'Midterm',2015,164,78),(328,13,'Midterm',2015,89,16),(329,13,'Midterm',2015,85,94),(330,13,'Midterm',2015,263,62),(331,13,'Midterm',2015,348,53),(332,13,'Midterm',2015,160,86),(333,13,'Midterm',2015,160,71),(334,13,'Midterm',2015,330,46),(335,13,'Midterm',2015,211,29),(336,13,'Final',2015,90,11),(337,13,'Final',2015,140,32),(338,13,'Final',2015,134,64),(339,13,'Final',2015,15,0),(340,13,'Final',2015,27,52),(341,13,'Final',2015,354,54),(342,13,'Final',2015,270,75),(343,13,'Final',2015,270,12),(344,13,'Final',2015,164,66),(345,13,'Final',2015,89,54),(346,13,'Final',2015,85,40),(347,13,'Final',2015,263,41),(348,13,'Final',2015,348,66),(349,13,'Final',2015,160,15),(350,13,'Final',2015,160,33),(351,13,'Final',2015,330,8),(352,13,'Final',2015,211,88),(353,14,'Quiz',2015,206,63),(354,14,'Quiz',2015,199,30),(355,14,'Quiz',2015,1,33),(356,14,'Quiz',2015,137,96),(357,14,'Quiz',2015,271,87),(358,14,'Quiz',2015,6,68),(359,14,'Quiz',2015,49,91),(360,14,'Quiz',2015,111,18),(361,14,'Quiz',2015,183,33),(362,14,'Quiz',2015,297,50),(363,14,'Quiz',2015,225,93),(364,14,'Quiz',2015,58,91),(365,14,'Quiz',2015,118,31),(366,14,'Quiz',2015,140,64),(367,14,'Quiz',2015,129,53),(368,14,'Quiz',2015,48,33),(369,14,'Quiz',2015,130,37),(370,14,'Quiz',2015,322,0),(371,14,'Quiz',2015,95,5),(372,14,'Quiz',2015,64,31),(373,14,'Quiz',2015,153,85),(374,14,'Quiz',2015,90,53),(375,14,'Quiz',2015,44,10),(376,14,'Quiz',2015,118,1),(377,14,'Quiz',2015,353,36),(378,14,'Quiz',2015,224,48),(379,14,'Quiz',2015,231,77),(380,14,'Quiz',2015,201,8),(381,14,'Lab',2015,206,24),(382,14,'Lab',2015,199,29),(383,14,'Lab',2015,1,89),(384,14,'Lab',2015,137,81),(385,14,'Lab',2015,271,50),(386,14,'Lab',2015,6,20),(387,14,'Lab',2015,49,50),(388,14,'Lab',2015,111,88),(389,14,'Lab',2015,183,22),(390,14,'Lab',2015,297,66),(391,14,'Lab',2015,225,15),(392,14,'Lab',2015,58,55),(393,14,'Lab',2015,118,28),(394,14,'Lab',2015,140,91),(395,14,'Lab',2015,129,50),(396,14,'Lab',2015,48,56),(397,14,'Lab',2015,130,33),(398,14,'Lab',2015,322,56),(399,14,'Lab',2015,95,58),(400,14,'Lab',2015,64,86),(401,14,'Lab',2015,153,55),(402,14,'Lab',2015,90,17),(403,14,'Lab',2015,44,44),(404,14,'Lab',2015,118,53),(405,14,'Lab',2015,353,24),(406,14,'Lab',2015,224,19),(407,14,'Lab',2015,231,48),(408,14,'Lab',2015,201,37),(409,14,'Midterm',2015,206,99),(410,14,'Midterm',2015,199,79),(411,14,'Midterm',2015,1,35),(412,14,'Midterm',2015,137,38),(413,14,'Midterm',2015,271,36),(414,14,'Midterm',2015,6,4),(415,14,'Midterm',2015,49,9),(416,14,'Midterm',2015,111,85),(417,14,'Midterm',2015,183,43),(418,14,'Midterm',2015,297,54),(419,14,'Midterm',2015,225,68),(420,14,'Midterm',2015,58,72),(421,14,'Midterm',2015,118,3),(422,14,'Midterm',2015,140,27),(423,14,'Midterm',2015,129,8),(424,14,'Midterm',2015,48,30),(425,14,'Midterm',2015,130,18),(426,14,'Midterm',2015,322,88),(427,14,'Midterm',2015,95,90),(428,14,'Midterm',2015,64,68),(429,14,'Midterm',2015,153,73),(430,14,'Midterm',2015,90,1),(431,14,'Midterm',2015,44,27),(432,14,'Midterm',2015,118,97),(433,14,'Midterm',2015,353,52),(434,14,'Midterm',2015,224,54),(435,14,'Midterm',2015,231,17),(436,14,'Midterm',2015,201,13),(437,14,'Final',2015,206,69),(438,14,'Final',2015,199,2),(439,14,'Final',2015,1,74),(440,14,'Final',2015,137,46),(441,14,'Final',2015,271,51),(442,14,'Final',2015,6,75),(443,14,'Final',2015,49,45),(444,14,'Final',2015,111,79),(445,14,'Final',2015,183,36),(446,14,'Final',2015,297,61),(447,14,'Final',2015,225,51),(448,14,'Final',2015,58,42),(449,14,'Final',2015,118,46),(450,14,'Final',2015,140,33),(451,14,'Final',2015,129,89),(452,14,'Final',2015,48,93),(453,14,'Final',2015,130,50),(454,14,'Final',2015,322,3),(455,14,'Final',2015,95,46),(456,14,'Final',2015,64,38),(457,14,'Final',2015,153,52),(458,14,'Final',2015,90,48),(459,14,'Final',2015,44,4),(460,14,'Final',2015,118,67),(461,14,'Final',2015,353,87),(462,14,'Final',2015,224,34),(463,14,'Final',2015,231,16),(464,14,'Final',2015,201,44),(465,15,'Quiz',2015,180,99),(466,15,'Quiz',2015,239,81),(467,15,'Quiz',2015,85,75),(468,15,'Quiz',2015,226,14),(469,15,'Quiz',2015,235,25),(470,15,'Quiz',2015,341,12),(471,15,'Quiz',2015,111,1),(472,15,'Quiz',2015,155,52),(473,15,'Quiz',2015,20,52),(474,15,'Quiz',2015,303,2),(475,15,'Quiz',2015,9,63),(476,15,'Quiz',2015,56,32),(477,15,'Quiz',2015,223,94),(478,15,'Quiz',2015,73,20),(479,15,'Quiz',2015,226,97),(480,15,'Quiz',2015,51,78),(481,15,'Quiz',2015,341,90),(482,15,'Quiz',2015,165,66),(483,15,'Quiz',2015,103,82),(484,15,'Quiz',2015,60,89),(485,15,'Quiz',2015,179,80),(486,15,'Quiz',2015,252,13),(487,15,'Quiz',2015,192,30),(488,15,'Quiz',2015,178,45),(489,15,'Quiz',2015,2,96),(490,15,'Quiz',2015,185,56),(491,15,'Quiz',2015,148,90),(492,15,'Lab',2015,180,81),(493,15,'Lab',2015,239,58),(494,15,'Lab',2015,85,84),(495,15,'Lab',2015,226,70),(496,15,'Lab',2015,235,78),(497,15,'Lab',2015,341,58),(498,15,'Lab',2015,111,47),(499,15,'Lab',2015,155,34),(500,15,'Lab',2015,20,76),(501,15,'Lab',2015,303,46),(502,15,'Lab',2015,9,10),(503,15,'Lab',2015,56,69),(504,15,'Lab',2015,223,24),(505,15,'Lab',2015,73,23),(506,15,'Lab',2015,226,98),(507,15,'Lab',2015,51,7),(508,15,'Lab',2015,341,30),(509,15,'Lab',2015,165,81),(510,15,'Lab',2015,103,75),(511,15,'Lab',2015,60,29),(512,15,'Lab',2015,179,50),(513,15,'Lab',2015,252,8),(514,15,'Lab',2015,192,34),(515,15,'Lab',2015,178,48),(516,15,'Lab',2015,2,39),(517,15,'Lab',2015,185,99),(518,15,'Lab',2015,148,33),(519,15,'Midterm',2015,180,73),(520,15,'Midterm',2015,239,99),(521,15,'Midterm',2015,85,28),(522,15,'Midterm',2015,226,62),(523,15,'Midterm',2015,235,88),(524,15,'Midterm',2015,341,3),(525,15,'Midterm',2015,111,9),(526,15,'Midterm',2015,155,57),(527,15,'Midterm',2015,20,45),(528,15,'Midterm',2015,303,19),(529,15,'Midterm',2015,9,70),(530,15,'Midterm',2015,56,44),(531,15,'Midterm',2015,223,70),(532,15,'Midterm',2015,73,10),(533,15,'Midterm',2015,226,12),(534,15,'Midterm',2015,51,98),(535,15,'Midterm',2015,341,91),(536,15,'Midterm',2015,165,30),(537,15,'Midterm',2015,103,79),(538,15,'Midterm',2015,60,15),(539,15,'Midterm',2015,179,51),(540,15,'Midterm',2015,252,33),(541,15,'Midterm',2015,192,83),(542,15,'Midterm',2015,178,48),(543,15,'Midterm',2015,2,83),(544,15,'Midterm',2015,185,10),(545,15,'Midterm',2015,148,54),(546,15,'Final',2015,180,23),(547,15,'Final',2015,239,98),(548,15,'Final',2015,85,36),(549,15,'Final',2015,226,55),(550,15,'Final',2015,235,49),(551,15,'Final',2015,341,96),(552,15,'Final',2015,111,7),(553,15,'Final',2015,155,73),(554,15,'Final',2015,20,9),(555,15,'Final',2015,303,86),(556,15,'Final',2015,9,91),(557,15,'Final',2015,56,87),(558,15,'Final',2015,223,40),(559,15,'Final',2015,73,70),(560,15,'Final',2015,226,16),(561,15,'Final',2015,51,23),(562,15,'Final',2015,341,67),(563,15,'Final',2015,165,15),(564,15,'Final',2015,103,1),(565,15,'Final',2015,60,45),(566,15,'Final',2015,179,45),(567,15,'Final',2015,252,100),(568,15,'Final',2015,192,67),(569,15,'Final',2015,178,13),(570,15,'Final',2015,2,1),(571,15,'Final',2015,185,73),(572,15,'Final',2015,148,36),(573,16,'Quiz',2015,83,45),(574,16,'Quiz',2015,6,37),(575,16,'Quiz',2015,192,69),(576,16,'Lab',2015,83,39),(577,16,'Lab',2015,6,89),(578,16,'Lab',2015,192,100),(579,16,'Midterm',2015,83,45),(580,16,'Midterm',2015,6,5),(581,16,'Midterm',2015,192,9),(582,16,'Final',2015,83,22),(583,16,'Final',2015,6,15),(584,16,'Final',2015,192,82),(585,48,'Quiz',2015,337,7),(586,48,'Quiz',2015,339,84),(587,48,'Quiz',2015,136,0),(588,48,'Quiz',2015,253,45),(589,48,'Quiz',2015,224,54),(590,48,'Quiz',2015,158,26),(591,48,'Quiz',2015,135,84),(592,48,'Quiz',2015,71,15),(593,48,'Quiz',2015,243,30),(594,48,'Quiz',2015,333,52),(595,48,'Quiz',2015,68,83),(596,48,'Quiz',2015,254,35),(597,48,'Quiz',2015,9,31),(598,48,'Quiz',2015,172,59),(599,48,'Quiz',2015,74,42),(600,48,'Quiz',2015,167,48),(601,48,'Quiz',2015,201,78),(602,48,'Quiz',2015,40,16),(603,48,'Quiz',2015,322,45),(604,48,'Quiz',2015,206,6),(605,48,'Quiz',2015,212,0),(606,48,'Quiz',2015,314,11),(607,48,'Quiz',2015,336,4),(608,48,'Quiz',2015,171,64),(609,48,'Quiz',2015,53,60),(610,48,'Quiz',2015,255,89),(611,48,'Quiz',2015,295,26),(612,48,'Quiz',2015,141,42),(613,48,'Quiz',2015,148,89),(614,48,'Lab',2015,337,66),(615,48,'Lab',2015,339,48),(616,48,'Lab',2015,136,9),(617,48,'Lab',2015,253,59),(618,48,'Lab',2015,224,2),(619,48,'Lab',2015,158,75),(620,48,'Lab',2015,135,78),(621,48,'Lab',2015,71,30),(622,48,'Lab',2015,243,99),(623,48,'Lab',2015,333,59),(624,48,'Lab',2015,68,63),(625,48,'Lab',2015,254,91),(626,48,'Lab',2015,9,19),(627,48,'Lab',2015,172,53),(628,48,'Lab',2015,74,25),(629,48,'Lab',2015,167,9),(630,48,'Lab',2015,201,80),(631,48,'Lab',2015,40,75),(632,48,'Lab',2015,322,32),(633,48,'Lab',2015,206,62),(634,48,'Lab',2015,212,20),(635,48,'Lab',2015,314,44),(636,48,'Lab',2015,336,98),(637,48,'Lab',2015,171,11),(638,48,'Lab',2015,53,65),(639,48,'Lab',2015,255,20),(640,48,'Lab',2015,295,18),(641,48,'Lab',2015,141,90),(642,48,'Lab',2015,148,68),(643,48,'Midterm',2015,337,34),(644,48,'Midterm',2015,339,97),(645,48,'Midterm',2015,136,46),(646,48,'Midterm',2015,253,24),(647,48,'Midterm',2015,224,21),(648,48,'Midterm',2015,158,100),(649,48,'Midterm',2015,135,9),(650,48,'Midterm',2015,71,55),(651,48,'Midterm',2015,243,70),(652,48,'Midterm',2015,333,65),(653,48,'Midterm',2015,68,55),(654,48,'Midterm',2015,254,34),(655,48,'Midterm',2015,9,2),(656,48,'Midterm',2015,172,39),(657,48,'Midterm',2015,74,85),(658,48,'Midterm',2015,167,45),(659,48,'Midterm',2015,201,42),(660,48,'Midterm',2015,40,44),(661,48,'Midterm',2015,322,83),(662,48,'Midterm',2015,206,60),(663,48,'Midterm',2015,212,23),(664,48,'Midterm',2015,314,39),(665,48,'Midterm',2015,336,74),(666,48,'Midterm',2015,171,63),(667,48,'Midterm',2015,53,56),(668,48,'Midterm',2015,255,47),(669,48,'Midterm',2015,295,76),(670,48,'Midterm',2015,141,46),(671,48,'Midterm',2015,148,24),(672,48,'Final',2015,337,70),(673,48,'Final',2015,339,32),(674,48,'Final',2015,136,4),(675,48,'Final',2015,253,21),(676,48,'Final',2015,224,27),(677,48,'Final',2015,158,5),(678,48,'Final',2015,135,1),(679,48,'Final',2015,71,86),(680,48,'Final',2015,243,82),(681,48,'Final',2015,333,89),(682,48,'Final',2015,68,66),(683,48,'Final',2015,254,35),(684,48,'Final',2015,9,90),(685,48,'Final',2015,172,96),(686,48,'Final',2015,74,97),(687,48,'Final',2015,167,72),(688,48,'Final',2015,201,99),(689,48,'Final',2015,40,47),(690,48,'Final',2015,322,87),(691,48,'Final',2015,206,46),(692,48,'Final',2015,212,36),(693,48,'Final',2015,314,61),(694,48,'Final',2015,336,55),(695,48,'Final',2015,171,55),(696,48,'Final',2015,53,77),(697,48,'Final',2015,255,22),(698,48,'Final',2015,295,95),(699,48,'Final',2015,141,66),(700,48,'Final',2015,148,26),(701,6,'Quiz',2017,186,51),(702,6,'Quiz',2017,342,51),(703,6,'Quiz',2017,194,83),(704,6,'Quiz',2017,90,71),(705,6,'Quiz',2017,217,80),(706,6,'Quiz',2017,5,91),(707,6,'Quiz',2017,287,60),(708,6,'Quiz',2017,98,32),(709,6,'Quiz',2017,111,83),(710,6,'Quiz',2017,262,30),(711,6,'Quiz',2017,290,25),(712,6,'Quiz',2017,20,62),(713,6,'Quiz',2017,339,95),(714,6,'Quiz',2017,3,27),(715,6,'Quiz',2017,326,49),(716,6,'Quiz',2017,358,100),(717,6,'Lab',2017,186,53),(718,6,'Lab',2017,342,1),(719,6,'Lab',2017,194,74),(720,6,'Lab',2017,90,98),(721,6,'Lab',2017,217,54),(722,6,'Lab',2017,5,14),(723,6,'Lab',2017,287,24),(724,6,'Lab',2017,98,67),(725,6,'Lab',2017,111,31),(726,6,'Lab',2017,262,97),(727,6,'Lab',2017,290,41),(728,6,'Lab',2017,20,50),(729,6,'Lab',2017,339,48),(730,6,'Lab',2017,3,77),(731,6,'Lab',2017,326,66),(732,6,'Lab',2017,358,84),(733,6,'Midterm',2017,186,98),(734,6,'Midterm',2017,342,15),(735,6,'Midterm',2017,194,29),(736,6,'Midterm',2017,90,8),(737,6,'Midterm',2017,217,77),(738,6,'Midterm',2017,5,35),(739,6,'Midterm',2017,287,28),(740,6,'Midterm',2017,98,64),(741,6,'Midterm',2017,111,21),(742,6,'Midterm',2017,262,59),(743,6,'Midterm',2017,290,55),(744,6,'Midterm',2017,20,19),(745,6,'Midterm',2017,339,66),(746,6,'Midterm',2017,3,7),(747,6,'Midterm',2017,326,14),(748,6,'Midterm',2017,358,32),(749,6,'Final',2017,186,4),(750,6,'Final',2017,342,48),(751,6,'Final',2017,194,20),(752,6,'Final',2017,90,78),(753,6,'Final',2017,217,24),(754,6,'Final',2017,5,52),(755,6,'Final',2017,287,89),(756,6,'Final',2017,98,1),(757,6,'Final',2017,111,35),(758,6,'Final',2017,262,41),(759,6,'Final',2017,290,68),(760,6,'Final',2017,20,21),(761,6,'Final',2017,339,87),(762,6,'Final',2017,3,32),(763,6,'Final',2017,326,32),(764,6,'Final',2017,358,46),(765,7,'Quiz',2017,4,50),(766,7,'Quiz',2017,31,8),(767,7,'Quiz',2017,133,57),(768,7,'Quiz',2017,253,59),(769,7,'Quiz',2017,305,39),(770,7,'Quiz',2017,215,18),(771,7,'Quiz',2017,308,97),(772,7,'Quiz',2017,92,81),(773,7,'Quiz',2017,38,92),(774,7,'Quiz',2017,135,45),(775,7,'Quiz',2017,25,21),(776,7,'Quiz',2017,13,26),(777,7,'Quiz',2017,196,24),(778,7,'Quiz',2017,120,21),(779,7,'Quiz',2017,72,31),(780,7,'Quiz',2017,18,74),(781,7,'Quiz',2017,215,74),(782,7,'Quiz',2017,19,70),(783,7,'Quiz',2017,327,37),(784,7,'Quiz',2017,247,25),(785,7,'Quiz',2017,132,62),(786,7,'Quiz',2017,223,56),(787,7,'Quiz',2017,241,38),(788,7,'Quiz',2017,98,66),(789,7,'Lab',2017,4,56),(790,7,'Lab',2017,31,45),(791,7,'Lab',2017,133,76),(792,7,'Lab',2017,253,54),(793,7,'Lab',2017,305,76),(794,7,'Lab',2017,215,39),(795,7,'Lab',2017,308,30),(796,7,'Lab',2017,92,13),(797,7,'Lab',2017,38,36),(798,7,'Lab',2017,135,30),(799,7,'Lab',2017,25,95),(800,7,'Lab',2017,13,22),(801,7,'Lab',2017,196,4),(802,7,'Lab',2017,120,86),(803,7,'Lab',2017,72,89),(804,7,'Lab',2017,18,62),(805,7,'Lab',2017,215,95),(806,7,'Lab',2017,19,78),(807,7,'Lab',2017,327,5),(808,7,'Lab',2017,247,10),(809,7,'Lab',2017,132,14),(810,7,'Lab',2017,223,10),(811,7,'Lab',2017,241,84),(812,7,'Lab',2017,98,20),(813,7,'Midterm',2017,4,79),(814,7,'Midterm',2017,31,52),(815,7,'Midterm',2017,133,89),(816,7,'Midterm',2017,253,64),(817,7,'Midterm',2017,305,84),(818,7,'Midterm',2017,215,93),(819,7,'Midterm',2017,308,17),(820,7,'Midterm',2017,92,98),(821,7,'Midterm',2017,38,95),(822,7,'Midterm',2017,135,72),(823,7,'Midterm',2017,25,3),(824,7,'Midterm',2017,13,43),(825,7,'Midterm',2017,196,11),(826,7,'Midterm',2017,120,66),(827,7,'Midterm',2017,72,32),(828,7,'Midterm',2017,18,29),(829,7,'Midterm',2017,215,23),(830,7,'Midterm',2017,19,7),(831,7,'Midterm',2017,327,90),(832,7,'Midterm',2017,247,30),(833,7,'Midterm',2017,132,17),(834,7,'Midterm',2017,223,1),(835,7,'Midterm',2017,241,83),(836,7,'Midterm',2017,98,69),(837,7,'Final',2017,4,88),(838,7,'Final',2017,31,55),(839,7,'Final',2017,133,80),(840,7,'Final',2017,253,97),(841,7,'Final',2017,305,5),(842,7,'Final',2017,215,94),(843,7,'Final',2017,308,43),(844,7,'Final',2017,92,71),(845,7,'Final',2017,38,99),(846,7,'Final',2017,135,76),(847,7,'Final',2017,25,78),(848,7,'Final',2017,13,84),(849,7,'Final',2017,196,22),(850,7,'Final',2017,120,13),(851,7,'Final',2017,72,46),(852,7,'Final',2017,18,87),(853,7,'Final',2017,215,43),(854,7,'Final',2017,19,87),(855,7,'Final',2017,327,31),(856,7,'Final',2017,247,18),(857,7,'Final',2017,132,39),(858,7,'Final',2017,223,7),(859,7,'Final',2017,241,20),(860,7,'Final',2017,98,83),(861,8,'Quiz',2017,240,4),(862,8,'Quiz',2017,269,28),(863,8,'Quiz',2017,322,83),(864,8,'Quiz',2017,290,24),(865,8,'Quiz',2017,17,27),(866,8,'Quiz',2017,124,23),(867,8,'Quiz',2017,343,17),(868,8,'Quiz',2017,119,54),(869,8,'Quiz',2017,106,86),(870,8,'Quiz',2017,278,22),(871,8,'Quiz',2017,333,89),(872,8,'Quiz',2017,337,38),(873,8,'Quiz',2017,286,32),(874,8,'Quiz',2017,343,22),(875,8,'Quiz',2017,73,2),(876,8,'Quiz',2017,6,79),(877,8,'Quiz',2017,256,51),(878,8,'Quiz',2017,59,47),(879,8,'Lab',2017,240,40),(880,8,'Lab',2017,269,18),(881,8,'Lab',2017,322,99),(882,8,'Lab',2017,290,12),(883,8,'Lab',2017,17,24),(884,8,'Lab',2017,124,82),(885,8,'Lab',2017,343,74),(886,8,'Lab',2017,119,40),(887,8,'Lab',2017,106,29),(888,8,'Lab',2017,278,69),(889,8,'Lab',2017,333,64),(890,8,'Lab',2017,337,92),(891,8,'Lab',2017,286,65),(892,8,'Lab',2017,343,10),(893,8,'Lab',2017,73,75),(894,8,'Lab',2017,6,94),(895,8,'Lab',2017,256,41),(896,8,'Lab',2017,59,8),(897,8,'Midterm',2017,240,45),(898,8,'Midterm',2017,269,44),(899,8,'Midterm',2017,322,28),(900,8,'Midterm',2017,290,19),(901,8,'Midterm',2017,17,49),(902,8,'Midterm',2017,124,2),(903,8,'Midterm',2017,343,79),(904,8,'Midterm',2017,119,30),(905,8,'Midterm',2017,106,69),(906,8,'Midterm',2017,278,35),(907,8,'Midterm',2017,333,34),(908,8,'Midterm',2017,337,40),(909,8,'Midterm',2017,286,10),(910,8,'Midterm',2017,343,43),(911,8,'Midterm',2017,73,30),(912,8,'Midterm',2017,6,57),(913,8,'Midterm',2017,256,6),(914,8,'Midterm',2017,59,93),(915,8,'Final',2017,240,56),(916,8,'Final',2017,269,98),(917,8,'Final',2017,322,58),(918,8,'Final',2017,290,59),(919,8,'Final',2017,17,16),(920,8,'Final',2017,124,96),(921,8,'Final',2017,343,12),(922,8,'Final',2017,119,60),(923,8,'Final',2017,106,22),(924,8,'Final',2017,278,95),(925,8,'Final',2017,333,21),(926,8,'Final',2017,337,22),(927,8,'Final',2017,286,79),(928,8,'Final',2017,343,81),(929,8,'Final',2017,73,37),(930,8,'Final',2017,6,30),(931,8,'Final',2017,256,47),(932,8,'Final',2017,59,44),(933,9,'Quiz',2017,246,91),(934,9,'Quiz',2017,120,86),(935,9,'Quiz',2017,117,61),(936,9,'Quiz',2017,314,62),(937,9,'Quiz',2017,50,7),(938,9,'Quiz',2017,273,36),(939,9,'Lab',2017,246,17),(940,9,'Lab',2017,120,92),(941,9,'Lab',2017,117,80),(942,9,'Lab',2017,314,82),(943,9,'Lab',2017,50,22),(944,9,'Lab',2017,273,98),(945,9,'Midterm',2017,246,80),(946,9,'Midterm',2017,120,81),(947,9,'Midterm',2017,117,91),(948,9,'Midterm',2017,314,11),(949,9,'Midterm',2017,50,1),(950,9,'Midterm',2017,273,99),(951,9,'Final',2017,246,1),(952,9,'Final',2017,120,31),(953,9,'Final',2017,117,2),(954,9,'Final',2017,314,81),(955,9,'Final',2017,50,23),(956,9,'Final',2017,273,91),(957,10,'Quiz',2017,60,0),(958,10,'Quiz',2017,89,20),(959,10,'Quiz',2017,28,60),(960,10,'Quiz',2017,139,40),(961,10,'Lab',2017,60,0),(962,10,'Lab',2017,89,35),(963,10,'Lab',2017,28,68),(964,10,'Lab',2017,139,18),(965,10,'Midterm',2017,60,33),(966,10,'Midterm',2017,89,41),(967,10,'Midterm',2017,28,71),(968,10,'Midterm',2017,139,44),(969,10,'Final',2017,60,25),(970,10,'Final',2017,89,10),(971,10,'Final',2017,28,98),(972,10,'Final',2017,139,88),(973,11,'Quiz',2017,243,49),(974,11,'Quiz',2017,305,43),(975,11,'Quiz',2017,193,31),(976,11,'Quiz',2017,11,86),(977,11,'Quiz',2017,47,86),(978,11,'Lab',2017,243,37),(979,11,'Lab',2017,305,71),(980,11,'Lab',2017,193,56),(981,11,'Lab',2017,11,35),(982,11,'Lab',2017,47,73),(983,11,'Midterm',2017,243,1),(984,11,'Midterm',2017,305,86),(985,11,'Midterm',2017,193,36),(986,11,'Midterm',2017,11,70),(987,11,'Midterm',2017,47,13),(988,11,'Final',2017,243,31),(989,11,'Final',2017,305,55),(990,11,'Final',2017,193,97),(991,11,'Final',2017,11,69),(992,11,'Final',2017,47,95),(993,12,'Quiz',2017,342,90),(994,12,'Quiz',2017,263,37),(995,12,'Quiz',2017,102,1),(996,12,'Quiz',2017,329,36),(997,12,'Quiz',2017,336,78),(998,12,'Quiz',2017,180,51),(999,12,'Quiz',2017,57,29),(1000,12,'Quiz',2017,198,28),(1001,12,'Quiz',2017,79,19),(1002,12,'Quiz',2017,18,91),(1003,12,'Quiz',2017,299,46),(1004,12,'Quiz',2017,304,70),(1005,12,'Quiz',2017,337,11),(1006,12,'Quiz',2017,82,30),(1007,12,'Quiz',2017,105,95),(1008,12,'Quiz',2017,283,97),(1009,12,'Quiz',2017,287,20),(1010,12,'Quiz',2017,6,91),(1011,12,'Quiz',2017,41,46),(1012,12,'Quiz',2017,15,83),(1013,12,'Lab',2017,342,79),(1014,12,'Lab',2017,263,57),(1015,12,'Lab',2017,102,45),(1016,12,'Lab',2017,329,91),(1017,12,'Lab',2017,336,3),(1018,12,'Lab',2017,180,81),(1019,12,'Lab',2017,57,68),(1020,12,'Lab',2017,198,58),(1021,12,'Lab',2017,79,23),(1022,12,'Lab',2017,18,55),(1023,12,'Lab',2017,299,41),(1024,12,'Lab',2017,304,31),(1025,12,'Lab',2017,337,75),(1026,12,'Lab',2017,82,30),(1027,12,'Lab',2017,105,78),(1028,12,'Lab',2017,283,25),(1029,12,'Lab',2017,287,82),(1030,12,'Lab',2017,6,18),(1031,12,'Lab',2017,41,38),(1032,12,'Lab',2017,15,78),(1033,12,'Midterm',2017,342,27),(1034,12,'Midterm',2017,263,74),(1035,12,'Midterm',2017,102,10),(1036,12,'Midterm',2017,329,85),(1037,12,'Midterm',2017,336,87),(1038,12,'Midterm',2017,180,73),(1039,12,'Midterm',2017,57,75),(1040,12,'Midterm',2017,198,70),(1041,12,'Midterm',2017,79,97),(1042,12,'Midterm',2017,18,50),(1043,12,'Midterm',2017,299,34),(1044,12,'Midterm',2017,304,52),(1045,12,'Midterm',2017,337,5),(1046,12,'Midterm',2017,82,19),(1047,12,'Midterm',2017,105,10),(1048,12,'Midterm',2017,283,37),(1049,12,'Midterm',2017,287,22),(1050,12,'Midterm',2017,6,64),(1051,12,'Midterm',2017,41,33),(1052,12,'Midterm',2017,15,6),(1053,12,'Final',2017,342,75),(1054,12,'Final',2017,263,95),(1055,12,'Final',2017,102,8),(1056,12,'Final',2017,329,9),(1057,12,'Final',2017,336,68),(1058,12,'Final',2017,180,55),(1059,12,'Final',2017,57,76),(1060,12,'Final',2017,198,62),(1061,12,'Final',2017,79,78),(1062,12,'Final',2017,18,41),(1063,12,'Final',2017,299,31),(1064,12,'Final',2017,304,29),(1065,12,'Final',2017,337,4),(1066,12,'Final',2017,82,58),(1067,12,'Final',2017,105,62),(1068,12,'Final',2017,283,52),(1069,12,'Final',2017,287,49),(1070,12,'Final',2017,6,62),(1071,12,'Final',2017,41,63),(1072,12,'Final',2017,15,70),(1073,13,'Quiz',2017,233,17),(1074,13,'Quiz',2017,113,100),(1075,13,'Quiz',2017,109,99),(1076,13,'Quiz',2017,39,100),(1077,13,'Quiz',2017,264,23),(1078,13,'Quiz',2017,39,89),(1079,13,'Quiz',2017,308,82),(1080,13,'Quiz',2017,64,24),(1081,13,'Quiz',2017,58,42),(1082,13,'Quiz',2017,30,96),(1083,13,'Quiz',2017,117,60),(1084,13,'Quiz',2017,230,92),(1085,13,'Quiz',2017,268,30),(1086,13,'Quiz',2017,46,69),(1087,13,'Quiz',2017,140,17),(1088,13,'Quiz',2017,331,60),(1089,13,'Lab',2017,233,14),(1090,13,'Lab',2017,113,9),(1091,13,'Lab',2017,109,83),(1092,13,'Lab',2017,39,59),(1093,13,'Lab',2017,264,55),(1094,13,'Lab',2017,39,64),(1095,13,'Lab',2017,308,55),(1096,13,'Lab',2017,64,38),(1097,13,'Lab',2017,58,26),(1098,13,'Lab',2017,30,25),(1099,13,'Lab',2017,117,70),(1100,13,'Lab',2017,230,70),(1101,13,'Lab',2017,268,98),(1102,13,'Lab',2017,46,89),(1103,13,'Lab',2017,140,52),(1104,13,'Lab',2017,331,49),(1105,13,'Midterm',2017,233,86),(1106,13,'Midterm',2017,113,27),(1107,13,'Midterm',2017,109,33),(1108,13,'Midterm',2017,39,28),(1109,13,'Midterm',2017,264,47),(1110,13,'Midterm',2017,39,9),(1111,13,'Midterm',2017,308,29),(1112,13,'Midterm',2017,64,76),(1113,13,'Midterm',2017,58,18),(1114,13,'Midterm',2017,30,50),(1115,13,'Midterm',2017,117,61),(1116,13,'Midterm',2017,230,38),(1117,13,'Midterm',2017,268,24),(1118,13,'Midterm',2017,46,17),(1119,13,'Midterm',2017,140,52),(1120,13,'Midterm',2017,331,54),(1121,13,'Final',2017,233,38),(1122,13,'Final',2017,113,34),(1123,13,'Final',2017,109,93),(1124,13,'Final',2017,39,45),(1125,13,'Final',2017,264,78),(1126,13,'Final',2017,39,62),(1127,13,'Final',2017,308,92),(1128,13,'Final',2017,64,40),(1129,13,'Final',2017,58,82),(1130,13,'Final',2017,30,69),(1131,13,'Final',2017,117,22),(1132,13,'Final',2017,230,38),(1133,13,'Final',2017,268,67),(1134,13,'Final',2017,46,90),(1135,13,'Final',2017,140,91),(1136,13,'Final',2017,331,39),(1137,14,'Quiz',2017,150,70),(1138,14,'Quiz',2017,9,99),(1139,14,'Quiz',2017,265,89),(1140,14,'Quiz',2017,237,91),(1141,14,'Quiz',2017,33,92),(1142,14,'Quiz',2017,330,57),(1143,14,'Quiz',2017,29,73),(1144,14,'Quiz',2017,357,19),(1145,14,'Quiz',2017,21,69),(1146,14,'Quiz',2017,288,18),(1147,14,'Quiz',2017,198,14),(1148,14,'Quiz',2017,321,8),(1149,14,'Quiz',2017,312,52),(1150,14,'Quiz',2017,245,20),(1151,14,'Quiz',2017,134,77),(1152,14,'Quiz',2017,109,48),(1153,14,'Quiz',2017,320,28),(1154,14,'Quiz',2017,84,56),(1155,14,'Quiz',2017,126,46),(1156,14,'Quiz',2017,328,76),(1157,14,'Quiz',2017,53,94),(1158,14,'Quiz',2017,18,6),(1159,14,'Lab',2017,150,31),(1160,14,'Lab',2017,9,71),(1161,14,'Lab',2017,265,92),(1162,14,'Lab',2017,237,35),(1163,14,'Lab',2017,33,93),(1164,14,'Lab',2017,330,44),(1165,14,'Lab',2017,29,48),(1166,14,'Lab',2017,357,29),(1167,14,'Lab',2017,21,8),(1168,14,'Lab',2017,288,87),(1169,14,'Lab',2017,198,78),(1170,14,'Lab',2017,321,36),(1171,14,'Lab',2017,312,79),(1172,14,'Lab',2017,245,55),(1173,14,'Lab',2017,134,0),(1174,14,'Lab',2017,109,51),(1175,14,'Lab',2017,320,76),(1176,14,'Lab',2017,84,38),(1177,14,'Lab',2017,126,89),(1178,14,'Lab',2017,328,30),(1179,14,'Lab',2017,53,72),(1180,14,'Lab',2017,18,69),(1181,14,'Midterm',2017,150,10),(1182,14,'Midterm',2017,9,67),(1183,14,'Midterm',2017,265,43),(1184,14,'Midterm',2017,237,87),(1185,14,'Midterm',2017,33,28),(1186,14,'Midterm',2017,330,9),(1187,14,'Midterm',2017,29,30),(1188,14,'Midterm',2017,357,66),(1189,14,'Midterm',2017,21,48),(1190,14,'Midterm',2017,288,89),(1191,14,'Midterm',2017,198,21),(1192,14,'Midterm',2017,321,6),(1193,14,'Midterm',2017,312,94),(1194,14,'Midterm',2017,245,74),(1195,14,'Midterm',2017,134,99),(1196,14,'Midterm',2017,109,99),(1197,14,'Midterm',2017,320,88),(1198,14,'Midterm',2017,84,44),(1199,14,'Midterm',2017,126,36),(1200,14,'Midterm',2017,328,4),(1201,14,'Midterm',2017,53,100),(1202,14,'Midterm',2017,18,47),(1203,14,'Final',2017,150,3),(1204,14,'Final',2017,9,39),(1205,14,'Final',2017,265,7),(1206,14,'Final',2017,237,42),(1207,14,'Final',2017,33,28),(1208,14,'Final',2017,330,88),(1209,14,'Final',2017,29,33),(1210,14,'Final',2017,357,96),(1211,14,'Final',2017,21,40),(1212,14,'Final',2017,288,46),(1213,14,'Final',2017,198,25),(1214,14,'Final',2017,321,89),(1215,14,'Final',2017,312,31),(1216,14,'Final',2017,245,25),(1217,14,'Final',2017,134,67),(1218,14,'Final',2017,109,48),(1219,14,'Final',2017,320,57),(1220,14,'Final',2017,84,94),(1221,14,'Final',2017,126,7),(1222,14,'Final',2017,328,5),(1223,14,'Final',2017,53,64),(1224,14,'Final',2017,18,53),(1225,15,'Quiz',2017,203,15),(1226,15,'Quiz',2017,270,74),(1227,15,'Quiz',2017,276,68),(1228,15,'Quiz',2017,226,33),(1229,15,'Quiz',2017,189,12),(1230,15,'Quiz',2017,301,8),(1231,15,'Quiz',2017,274,95),(1232,15,'Quiz',2017,238,10),(1233,15,'Quiz',2017,209,54),(1234,15,'Quiz',2017,68,24),(1235,15,'Quiz',2017,321,1),(1236,15,'Quiz',2017,309,33),(1237,15,'Quiz',2017,324,48),(1238,15,'Quiz',2017,329,49),(1239,15,'Quiz',2017,241,46),(1240,15,'Quiz',2017,222,44),(1241,15,'Quiz',2017,125,71),(1242,15,'Quiz',2017,185,88),(1243,15,'Quiz',2017,2,16),(1244,15,'Quiz',2017,299,48),(1245,15,'Quiz',2017,274,32),(1246,15,'Quiz',2017,244,98),(1247,15,'Quiz',2017,48,8),(1248,15,'Lab',2017,203,56),(1249,15,'Lab',2017,270,80),(1250,15,'Lab',2017,276,18),(1251,15,'Lab',2017,226,68),(1252,15,'Lab',2017,189,84),(1253,15,'Lab',2017,301,22),(1254,15,'Lab',2017,274,69),(1255,15,'Lab',2017,238,10),(1256,15,'Lab',2017,209,60),(1257,15,'Lab',2017,68,40),(1258,15,'Lab',2017,321,7),(1259,15,'Lab',2017,309,12),(1260,15,'Lab',2017,324,49),(1261,15,'Lab',2017,329,30),(1262,15,'Lab',2017,241,69),(1263,15,'Lab',2017,222,67),(1264,15,'Lab',2017,125,47),(1265,15,'Lab',2017,185,66),(1266,15,'Lab',2017,2,74),(1267,15,'Lab',2017,299,99),(1268,15,'Lab',2017,274,44),(1269,15,'Lab',2017,244,50),(1270,15,'Lab',2017,48,22),(1271,15,'Midterm',2017,203,16),(1272,15,'Midterm',2017,270,78),(1273,15,'Midterm',2017,276,3),(1274,15,'Midterm',2017,226,56),(1275,15,'Midterm',2017,189,99),(1276,15,'Midterm',2017,301,53),(1277,15,'Midterm',2017,274,83),(1278,15,'Midterm',2017,238,99),(1279,15,'Midterm',2017,209,25),(1280,15,'Midterm',2017,68,94),(1281,15,'Midterm',2017,321,98),(1282,15,'Midterm',2017,309,91),(1283,15,'Midterm',2017,324,43),(1284,15,'Midterm',2017,329,2),(1285,15,'Midterm',2017,241,43),(1286,15,'Midterm',2017,222,69),(1287,15,'Midterm',2017,125,49),(1288,15,'Midterm',2017,185,18),(1289,15,'Midterm',2017,2,71),(1290,15,'Midterm',2017,299,35),(1291,15,'Midterm',2017,274,25),(1292,15,'Midterm',2017,244,36),(1293,15,'Midterm',2017,48,29),(1294,15,'Final',2017,203,60),(1295,15,'Final',2017,270,99),(1296,15,'Final',2017,276,20),(1297,15,'Final',2017,226,48),(1298,15,'Final',2017,189,47),(1299,15,'Final',2017,301,27),(1300,15,'Final',2017,274,43),(1301,15,'Final',2017,238,47),(1302,15,'Final',2017,209,48),(1303,15,'Final',2017,68,31),(1304,15,'Final',2017,321,36),(1305,15,'Final',2017,309,21),(1306,15,'Final',2017,324,0),(1307,15,'Final',2017,329,31),(1308,15,'Final',2017,241,53),(1309,15,'Final',2017,222,27),(1310,15,'Final',2017,125,30),(1311,15,'Final',2017,185,42),(1312,15,'Final',2017,2,71),(1313,15,'Final',2017,299,45),(1314,15,'Final',2017,274,91),(1315,15,'Final',2017,244,83),(1316,15,'Final',2017,48,38),(1317,16,'Quiz',2017,102,62),(1318,16,'Quiz',2017,85,24),(1319,16,'Quiz',2017,296,31),(1320,16,'Quiz',2017,246,24),(1321,16,'Quiz',2017,302,99),(1322,16,'Quiz',2017,57,83),(1323,16,'Quiz',2017,132,1),(1324,16,'Quiz',2017,354,21),(1325,16,'Quiz',2017,37,41),(1326,16,'Quiz',2017,69,57),(1327,16,'Quiz',2017,246,36),(1328,16,'Quiz',2017,200,93),(1329,16,'Quiz',2017,256,9),(1330,16,'Quiz',2017,176,22),(1331,16,'Quiz',2017,235,23),(1332,16,'Quiz',2017,168,100),(1333,16,'Lab',2017,102,11),(1334,16,'Lab',2017,85,48),(1335,16,'Lab',2017,296,61),(1336,16,'Lab',2017,246,56),(1337,16,'Lab',2017,302,44),(1338,16,'Lab',2017,57,89),(1339,16,'Lab',2017,132,16),(1340,16,'Lab',2017,354,89),(1341,16,'Lab',2017,37,29),(1342,16,'Lab',2017,69,42),(1343,16,'Lab',2017,246,43),(1344,16,'Lab',2017,200,56),(1345,16,'Lab',2017,256,96),(1346,16,'Lab',2017,176,98),(1347,16,'Lab',2017,235,10),(1348,16,'Lab',2017,168,88),(1349,16,'Midterm',2017,102,22),(1350,16,'Midterm',2017,85,22),(1351,16,'Midterm',2017,296,68),(1352,16,'Midterm',2017,246,59),(1353,16,'Midterm',2017,302,37),(1354,16,'Midterm',2017,57,17),(1355,16,'Midterm',2017,132,97),(1356,16,'Midterm',2017,354,53),(1357,16,'Midterm',2017,37,49),(1358,16,'Midterm',2017,69,82),(1359,16,'Midterm',2017,246,45),(1360,16,'Midterm',2017,200,11),(1361,16,'Midterm',2017,256,63),(1362,16,'Midterm',2017,176,95),(1363,16,'Midterm',2017,235,31),(1364,16,'Midterm',2017,168,58),(1365,16,'Final',2017,102,18),(1366,16,'Final',2017,85,90),(1367,16,'Final',2017,296,10),(1368,16,'Final',2017,246,0),(1369,16,'Final',2017,302,35),(1370,16,'Final',2017,57,100),(1371,16,'Final',2017,132,75),(1372,16,'Final',2017,354,73),(1373,16,'Final',2017,37,49),(1374,16,'Final',2017,69,54),(1375,16,'Final',2017,246,96),(1376,16,'Final',2017,200,7),(1377,16,'Final',2017,256,12),(1378,16,'Final',2017,176,97),(1379,16,'Final',2017,235,7),(1380,16,'Final',2017,168,80),(1381,48,'Quiz',2017,147,97),(1382,48,'Quiz',2017,197,29),(1383,48,'Quiz',2017,89,14),(1384,48,'Quiz',2017,139,4),(1385,48,'Quiz',2017,136,16),(1386,48,'Quiz',2017,202,54),(1387,48,'Quiz',2017,189,20),(1388,48,'Quiz',2017,271,50),(1389,48,'Quiz',2017,105,14),(1390,48,'Quiz',2017,87,42),(1391,48,'Quiz',2017,198,69),(1392,48,'Quiz',2017,236,85),(1393,48,'Quiz',2017,1,20),(1394,48,'Quiz',2017,291,2),(1395,48,'Quiz',2017,85,44),(1396,48,'Quiz',2017,17,77),(1397,48,'Quiz',2017,300,100),(1398,48,'Quiz',2017,282,79),(1399,48,'Quiz',2017,343,54),(1400,48,'Quiz',2017,55,50),(1401,48,'Quiz',2017,65,64),(1402,48,'Quiz',2017,344,98),(1403,48,'Quiz',2017,319,62),(1404,48,'Quiz',2017,228,53),(1405,48,'Quiz',2017,55,70),(1406,48,'Quiz',2017,242,96),(1407,48,'Quiz',2017,300,78),(1408,48,'Quiz',2017,221,0),(1409,48,'Lab',2017,147,64),(1410,48,'Lab',2017,197,26),(1411,48,'Lab',2017,89,19),(1412,48,'Lab',2017,139,12),(1413,48,'Lab',2017,136,43),(1414,48,'Lab',2017,202,5),(1415,48,'Lab',2017,189,96),(1416,48,'Lab',2017,271,24),(1417,48,'Lab',2017,105,46),(1418,48,'Lab',2017,87,57),(1419,48,'Lab',2017,198,89),(1420,48,'Lab',2017,236,76),(1421,48,'Lab',2017,1,67),(1422,48,'Lab',2017,291,97),(1423,48,'Lab',2017,85,13),(1424,48,'Lab',2017,17,64),(1425,48,'Lab',2017,300,86),(1426,48,'Lab',2017,282,20),(1427,48,'Lab',2017,343,61),(1428,48,'Lab',2017,55,11),(1429,48,'Lab',2017,65,69),(1430,48,'Lab',2017,344,64),(1431,48,'Lab',2017,319,78),(1432,48,'Lab',2017,228,11),(1433,48,'Lab',2017,55,78),(1434,48,'Lab',2017,242,22),(1435,48,'Lab',2017,300,77),(1436,48,'Lab',2017,221,42),(1437,48,'Midterm',2017,147,30),(1438,48,'Midterm',2017,197,32),(1439,48,'Midterm',2017,89,59),(1440,48,'Midterm',2017,139,15),(1441,48,'Midterm',2017,136,78),(1442,48,'Midterm',2017,202,81),(1443,48,'Midterm',2017,189,10),(1444,48,'Midterm',2017,271,37),(1445,48,'Midterm',2017,105,32),(1446,48,'Midterm',2017,87,17),(1447,48,'Midterm',2017,198,70),(1448,48,'Midterm',2017,236,14),(1449,48,'Midterm',2017,1,89),(1450,48,'Midterm',2017,291,4),(1451,48,'Midterm',2017,85,95),(1452,48,'Midterm',2017,17,60),(1453,48,'Midterm',2017,300,40),(1454,48,'Midterm',2017,282,97),(1455,48,'Midterm',2017,343,93),(1456,48,'Midterm',2017,55,19),(1457,48,'Midterm',2017,65,48),(1458,48,'Midterm',2017,344,19),(1459,48,'Midterm',2017,319,33),(1460,48,'Midterm',2017,228,66),(1461,48,'Midterm',2017,55,46),(1462,48,'Midterm',2017,242,0),(1463,48,'Midterm',2017,300,42),(1464,48,'Midterm',2017,221,18),(1465,48,'Final',2017,147,8),(1466,48,'Final',2017,197,63),(1467,48,'Final',2017,89,52),(1468,48,'Final',2017,139,12),(1469,48,'Final',2017,136,60),(1470,48,'Final',2017,202,18),(1471,48,'Final',2017,189,14),(1472,48,'Final',2017,271,97),(1473,48,'Final',2017,105,24),(1474,48,'Final',2017,87,40),(1475,48,'Final',2017,198,62),(1476,48,'Final',2017,236,14),(1477,48,'Final',2017,1,11),(1478,48,'Final',2017,291,26),(1479,48,'Final',2017,85,70),(1480,48,'Final',2017,17,22),(1481,48,'Final',2017,300,52),(1482,48,'Final',2017,282,80),(1483,48,'Final',2017,343,59),(1484,48,'Final',2017,55,20),(1485,48,'Final',2017,65,62),(1486,48,'Final',2017,344,79),(1487,48,'Final',2017,319,72),(1488,48,'Final',2017,228,20),(1489,48,'Final',2017,55,9),(1490,48,'Final',2017,242,44),(1491,48,'Final',2017,300,72),(1492,48,'Final',2017,221,50);
/*!40000 ALTER TABLE `exam` ENABLE KEYS */;
UNLOCK TABLES;

--
-- Table structure for table `professor`
--

DROP TABLE IF EXISTS `professor`;
/*!40101 SET @saved_cs_client     = @@character_set_client */;
/*!50503 SET character_set_client = utf8mb4 */;
CREATE TABLE `professor` (
  `ProfessorID` int DEFAULT NULL,
  `ProfName` text,
  `ProfLastname` text,
  `Gender` text,
  `Department` int DEFAULT NULL,
  `NumberOfPublications` int DEFAULT NULL
) ENGINE=InnoDB DEFAULT CHARSET=utf8mb4 COLLATE=utf8mb4_0900_ai_ci;
/*!40101 SET character_set_client = @saved_cs_client */;

--
-- Dumping data for table `professor`
--

LOCK TABLES `professor` WRITE;
/*!40000 ALTER TABLE `professor` DISABLE KEYS */;
INSERT INTO `professor` VALUES (1,'Craig','Clements','Male',3,15),(2,'Gaven','Villa','Male',7,18),(3,'Mitchell','Wall','Male',6,1),(4,'Warren','Nolan','Male',10,26),(5,'Max','Petersen','Male',6,25),(6,'Armando','Galloway','Male',8,17),(7,'Sam','Pierce','Male',3,3),(8,'Ralph','Prince','Male',7,16),(9,'Cayden','Lee','Male',7,1),(10,'Tobias','Mcbride','Male',1,1),(11,'Kadyn','Barber','Male',10,23),(12,'Shane','Golden','Male',4,15),(13,'Jared','Leonard','Male',5,21),(14,'Skylar','Lam','Male',7,6),(15,'Reed','Lindsey','Male',5,4),(16,'Salvatore','Hayden','Male',4,23),(17,'Dorian','Soto','Male',9,10),(18,'Amir','Flynn','Male',3,8),(19,'Jace','Palmer','Male',7,26),(20,'Jefferson','Mcneil','Male',5,8),(21,'Jamie','Levine','Male',1,7),(22,'Anthony','Bond','Male',6,26),(23,'Marley','Arnold','Male',5,15),(24,'Chaz','Huynh','Male',10,6),(25,'Matthew','Harrell','Male',2,22),(26,'Dominic','Wu','Male',4,15),(27,'Ezra','Potter','Male',6,25),(28,'Gavin','Anderson','Male',5,14),(29,'Giovanni','Holmes','Male',2,22),(30,'Zayden','Johnson','Male',8,22),(31,'Addison','Valentine','Male',4,19),(32,'Ivan','Chang','Male',3,9),(33,'Vanessa','Lowe','Female',1,14),(34,'Melanie','Serrano','Female',1,1),(35,'Naomi','Rivera','Female',6,21),(36,'Ashly','Lester','Female',7,20),(37,'Hailey','Bryan','Female',7,6),(38,'Giovanna','Raymond','Female',8,9),(39,'Anahi','Willis','Female',3,18),(40,'Teagan','Moody','Female',10,15),(41,'Selah','Austin','Female',3,25),(42,'Brenda','Cox','Female',10,10),(43,'Anabella','Clayton','Female',4,4),(44,'Livia','Collins','Female',6,20),(45,'Allisson','Choi','Female',3,14),(46,'Peyton','Le','Female',9,26),(47,'Dominique','Shields','Female',1,19),(48,'Lola','Obrien','Female',10,26),(49,'Mayra','Rowland','Female',9,9),(50,'Kiana','Hendrix','Female',5,2),(51,'Chaya','Moreno','Female',2,26),(52,'Lena','Stephenson','Female',9,11),(53,'Isis','Yoder','Female',8,17),(54,'Dania','Ellis','Female',2,8),(55,'Alia','Camacho','Female',5,19),(56,'Kaylee','Alvarez','Female',9,18),(57,'Jillian','Haas','Female',6,7),(58,'Adrianna','Woodward','Female',5,6),(59,'Bridget','Rosario','Female',10,1),(60,'Casey','Hooper','Female',9,10),(61,'Cindy','Ryan','Female',3,8),(62,'Kaila','Benson','Female',2,22),(63,'Akira','Walls','Female',10,7),(64,'Damaris','Warren','Female',10,14);
/*!40000 ALTER TABLE `professor` ENABLE KEYS */;
UNLOCK TABLES;

--
-- Table structure for table `student`
--

DROP TABLE IF EXISTS `student`;
/*!40101 SET @saved_cs_client     = @@character_set_client */;
/*!50503 SET character_set_client = utf8mb4 */;
CREATE TABLE `student` (
  `StdID` int NOT NULL,
  `Name` text,
  `Surname` text,
  `Gender` text,
  `Date of Birth` text,
  `Department` int DEFAULT NULL,
  `ClubMembership` int DEFAULT NULL,
  PRIMARY KEY (`StdID`)
) ENGINE=InnoDB DEFAULT CHARSET=utf8mb4 COLLATE=utf8mb4_0900_ai_ci;
/*!40101 SET character_set_client = @saved_cs_client */;

--
-- Dumping data for table `student`
--

LOCK TABLES `student` WRITE;
/*!40000 ALTER TABLE `student` DISABLE KEYS */;
INSERT INTO `student` VALUES (1,'Michael','Mccarthy','Male','1991-01-07',2,3),(2,'Ayaan','Moses','Male','1991-04-05',5,3),(3,'Valentino','Mcdowell','Male','1993-09-28',8,11),(4,'Keon','Hart','Male','1995-03-07',5,NULL),(5,'Brian','Holland','Male','1992-08-19',7,14),(6,'Cortez','Sanford','Male','1992-12-10',6,11),(7,'Eddie','Ellison','Male','1993-07-12',9,14),(8,'Marques','Hayden','Male','1997-08-09',5,13),(9,'Kingston','Cross','Male','1995-07-13',5,3),(10,'Salvador','Velasquez','Male','1996-07-19',2,17),(11,'Terry','Byrd','Male','1993-05-05',8,9),(12,'Jovany','Fry','Male','1997-08-02',6,8),(13,'Armani','Sheppard','Male','1997-07-08',9,19),(14,'Corbin','Frye','Male','1996-09-22',8,3),(15,'Drew','Choi','Male','1990-11-14',4,18),(16,'Kobe','Landry','Male','1994-01-12',3,7),(17,'Everett','Powers','Male','1991-11-19',7,13),(18,'Tyler','Spencer','Male','1991-01-03',5,8),(19,'Derick','Mullen','Male','1990-11-01',8,15),(20,'Sean','Haynes','Male','1991-02-02',8,24),(21,'Oliver','House','Male','1991-02-13',1,15),(22,'Matias','Chavez','Male','1994-12-02',6,NULL),(23,'Johnathan','Aguilar','Male','1990-09-08',7,4),(24,'Tyson','Bates','Male','1996-02-22',2,11),(25,'Pablo','Cline','Male','1992-09-03',1,6),(26,'Arnav','Black','Male','1994-04-17',4,17),(27,'Declan','Solis','Male','1996-07-14',9,23),(28,'Enzo','Odonnell','Male','1991-07-11',3,14),(29,'Taylor','Lowe','Male','1992-06-09',1,18),(30,'Chandler','Morales','Male','1993-05-15',7,17),(31,'Aidan','Orozco','Male','1990-12-30',10,4),(32,'Emery','Ryan','Male','1993-09-12',1,18),(33,'Aldo','Singleton','Male','1991-07-28',7,7),(34,'Collin','Gray','Male','1997-01-29',4,24),(35,'Robert','Gentry','Male','1996-03-28',1,25),(36,'Aiden','Novak','Male','1991-05-06',1,22),(37,'Cannon','Dalton','Male','1995-07-24',4,2),(38,'Alijah','Valdez','Male','1997-03-21',6,19),(39,'Juan','Kirby','Male','1992-12-25',9,12),(40,'Kaden','Mckee','Male','1991-05-31',1,1),(41,'Beckett','Olson','Male','1991-01-18',7,2),(42,'Brock','Keith','Male','1992-09-06',4,4),(43,'Donovan','Bright','Male','1993-04-26',7,11),(44,'Colin','Santiago','Male','1995-06-22',9,20),(45,'Erick','Hoffman','Male','1991-10-01',6,9),(46,'Callum','Gomez','Male','1992-05-25',3,NULL),(47,'Nicolas','Glass','Male','1990-04-08',4,15),(48,'Alfred','Mccormick','Male','1995-12-06',6,21),(49,'Adrien','Mayer','Male','1995-02-19',5,11),(50,'Drake','Martinez','Male','1992-12-11',1,8),(51,'Travis','Espinoza','Male','1994-10-13',7,11),(52,'Ean','Roth','Male','1992-12-22',7,20),(53,'Jude','Palmer','Male','1996-11-12',8,25),(54,'Issac','Bishop','Male','1994-03-06',4,3),(55,'Roberto','Bolton','Male','1993-08-23',6,23),(56,'Brett','Dodson','Male','1993-05-15',3,6),(57,'Rodolfo','Whitaker','Male','1996-06-25',10,15),(58,'Brent','Berry','Male','1991-09-03',5,25),(59,'Toby','Hardin','Male','1997-10-21',9,12),(60,'Justice','Mann','Male','1992-11-08',9,15),(61,'Reed','Scott','Male','1991-11-02',1,16),(62,'Quinten','Atkinson','Male','1995-04-23',1,2),(63,'Dylan','Rios','Male','1997-12-06',7,24),(64,'Moses','Brady','Male','1997-08-15',8,24),(65,'Larry','Norton','Male','1995-02-18',8,24),(66,'Pedro','Bruce','Male','1996-11-21',2,10),(67,'Camryn','Jordan','Male','1995-02-16',6,18),(68,'Gideon','Molina','Male','1993-05-16',6,17),(69,'Nathanael','Gould','Male','1994-03-08',7,6),(70,'Tristian','Small','Male','1991-10-27',10,NULL),(71,'Brice','Sanchez','Male','1991-02-03',9,22),(72,'Layne','Joyce','Male','1996-07-29',8,24),(73,'Clay','Giles','Male','1990-05-14',2,24),(74,'Kody','Woods','Male','1997-05-09',2,12),(75,'Conor','Padilla','Male','1991-06-08',10,10),(76,'Kieran','Bowman','Male','1993-09-16',8,5),(77,'Evan','Ashley','Male','1995-11-14',10,19),(78,'Shaun','Mays','Male','1994-06-16',2,6),(79,'Damian','Boyle','Male','1995-11-22',7,7),(80,'Jaron','Daniels','Male','1994-10-19',7,13),(81,'Eric','Hartman','Male','1991-11-22',5,18),(82,'Carl','Vasquez','Male','1995-04-06',5,22),(83,'Shamar','Howe','Male','1993-02-19',10,12),(84,'Ulises','Alexander','Male','1997-05-12',10,16),(85,'Ethan','Burch','Male','1990-03-02',3,14),(86,'Carsen','Collins','Male','1996-04-27',8,8),(87,'Bronson','Long','Male','1991-03-16',9,3),(88,'Eden','Holmes','Male','1997-06-08',5,12),(89,'Romeo','Dyer','Male','1996-12-18',4,10),(90,'Prince','Simon','Male','1995-04-06',10,8),(91,'Leon','Irwin','Male','1992-04-21',6,9),(92,'Irvin','Hernandez','Male','1993-04-09',8,8),(93,'Rory','Shepard','Male','1995-04-12',2,7),(94,'Maddox','Rowland','Male','1996-07-05',1,14),(95,'Valentin','Kramer','Male','1992-04-11',1,25),(96,'Royce','Hebert','Male','1996-06-28',8,5),(97,'Rolando','Wiley','Male','1995-08-23',4,21),(98,'Damien','Spence','Male','1997-01-08',7,13),(99,'Jayson','French','Male','1991-06-27',8,3),(100,'Julius','Nolan','Male','1994-09-12',3,18),(101,'Patrick','Oliver','Male','1993-09-30',3,5),(102,'Odin','Riddle','Male','1994-04-03',9,6),(103,'Micheal','Vincent','Male','1994-03-05',1,21),(104,'Chase','Vance','Male','1993-06-21',2,2),(105,'Jameson','Villarreal','Male','1990-04-27',8,8),(106,'Zander','Cole','Male','1997-11-26',9,6),(107,'Douglas','Koch','Male','1990-06-25',9,1),(108,'Adonis','Casey','Male','1990-12-05',9,2),(109,'Elias','Barnes','Male','1996-07-23',4,16),(110,'Semaj','Ayala','Male','1990-04-07',10,11),(111,'Rex','Oneill','Male','1997-12-06',10,18),(112,'Jasiah','Bennett','Male','1997-01-17',7,NULL),(113,'Reagan','Mendez','Male','1990-05-15',8,20),(114,'Hamza','Medina','Male','1993-07-10',6,14),(115,'Milo','Huffman','Male','1997-03-17',8,12),(116,'Jamir','Brewer','Male','1995-08-13',10,8),(117,'Jordan','Hanson','Male','1994-12-01',7,6),(118,'Orlando','Shaffer','Male','1992-09-09',7,2),(119,'Adolfo','Church','Male','1994-02-03',2,14),(120,'Brayan','Gallagher','Male','1992-05-12',8,13),(121,'Nigel','Burns','Male','1997-06-21',3,8),(122,'Rashad','Decker','Male','1991-12-10',10,3),(123,'Josh','Meza','Male','1991-02-18',2,21),(124,'Aydin','Richmond','Male','1995-08-06',5,7),(125,'Reuben','Simmons','Male','1995-09-27',1,6),(126,'Marquis','Murray','Male','1991-07-19',4,20),(127,'Kyle','Sanders','Male','1990-11-04',6,14),(128,'Rylan','Morrow','Male','1990-05-19',10,22),(129,'Malachi','Weaver','Male','1996-02-23',5,13),(130,'Brycen','Manning','Male','1994-11-04',2,2),(131,'Anton','Massey','Male','1991-08-01',9,13),(132,'Jaydin','Wells','Male','1991-12-27',10,16),(133,'Ace','Meyer','Male','1992-08-03',10,9),(134,'Cason','Kelly','Male','1994-01-26',8,2),(135,'Rowan','Haney','Male','1996-02-17',8,9),(136,'Dwayne','Jarvis','Male','1995-11-27',6,13),(137,'Joseph','Ewing','Male','1997-08-09',9,19),(138,'Matthew','Torres','Male','1993-11-19',9,1),(139,'Amari','Jacobson','Male','1996-03-10',2,17),(140,'Alex','Ferguson','Male','1995-04-24',7,9),(141,'Waylon','Richard','Male','1992-01-28',1,1),(142,'Donte','Hurst','Male','1996-10-25',3,19),(143,'Dante','Flynn','Male','1993-03-24',4,21),(144,'Randy','Michael','Male','1992-04-15',9,11),(145,'Tony','Hooper','Male','1990-09-12',4,24),(146,'Kamari','Dunlap','Male','1990-12-25',3,6),(147,'Craig','Morse','Male','1995-07-21',1,4),(148,'Mohammad','Kaufman','Male','1992-11-24',7,19),(149,'Elisha','Hutchinson','Male','1992-02-02',1,19),(150,'Charles','Cisneros','Male','1997-09-04',1,4),(151,'Roderick','Shepherd','Male','1997-09-18',3,1),(152,'Raiden','Mcbride','Male','1995-07-04',9,5),(153,'Riley','Conley','Male','1990-01-15',9,23),(154,'Malik','Allen','Male','1991-10-15',7,24),(155,'Zackery','Mccann','Male','1992-11-12',7,23),(156,'Richard','Wallace','Male','1991-09-30',5,23),(157,'Allan','Sexton','Male','1993-07-27',3,25),(158,'Thaddeus','Ritter','Male','1995-03-27',2,25),(159,'Eliezer','Dawson','Male','1996-03-03',3,24),(160,'Keagan','Bullock','Male','1990-04-21',8,21),(161,'George','Tate','Male','1992-12-24',1,22),(162,'Jaxson','Stevenson','Male','1994-12-25',4,7),(163,'Paxton','Hancock','Male','1991-05-20',1,16),(164,'Hunter','Horn','Male','1993-04-29',4,9),(165,'Judah','Adkins','Male','1993-06-19',9,20),(166,'Cornelius','Mack','Male','1994-01-07',4,12),(167,'Samuel','Simpson','Male','1990-05-01',8,5),(168,'Oswaldo','Chang','Male','1995-09-17',5,5),(169,'Ishaan','Chambers','Male','1993-02-15',4,12),(170,'Raul','Estes','Male','1993-05-03',10,10),(171,'Lane','Fields','Male','1991-11-30',1,9),(172,'Bruce','Moody','Male','1991-11-08',5,3),(173,'Carmelo','Conway','Male','1997-12-14',4,2),(174,'Konnor','Cobb','Male','1997-08-11',3,9),(175,'Humberto','Douglas','Male','1995-03-29',1,12),(176,'Heaven','Lyons','Female','1995-03-02',10,9),(177,'Gwendolyn','Osborne','Female','1993-02-01',9,23),(178,'Jaiden','Howard','Female','1992-08-09',9,9),(179,'Elisabeth','Henry','Female','1997-03-12',6,NULL),(180,'Hayley','Strong','Female','1993-01-31',5,24),(181,'Carlee','Fernandez','Female','1991-03-09',10,4),(182,'Marlene','Hill','Female','1991-10-20',2,18),(183,'Alma','Schwartz','Female','1997-08-28',9,24),(184,'Kenna','Ware','Female','1996-04-27',10,1),(185,'London','Clay','Female','1990-01-17',7,12),(186,'Shannon','Griffith','Female','1994-06-30',3,17),(187,'Paisley','Wolf','Female','1992-07-13',9,10),(188,'Nevaeh','Curry','Female','1990-07-12',5,23),(189,'Sloane','Compton','Female','1990-05-13',4,20),(190,'Melany','Vazquez','Female','1996-10-28',9,18),(191,'Carolina','Bradshaw','Female','1991-05-23',3,18),(192,'Hallie','Wilcox','Female','1996-09-16',10,23),(193,'Brynlee','Dunn','Female','1992-02-22',5,23),(194,'Athena','Farley','Female','1991-09-06',5,24),(195,'Anna','Bradley','Female','1993-09-08',4,1),(196,'Jaylah','Cruz','Female','1990-08-25',6,21),(197,'Jamiya','Odom','Female','1992-11-26',9,8),(198,'Micah','Hanna','Female','1991-05-29',5,25),(199,'Sandra','Avery','Female','1990-10-03',9,25),(200,'Maia','Schaefer','Female','1992-12-02',10,20),(201,'Isla','Bentley','Female','1995-04-23',8,6),(202,'Nadia','Gibson','Female','1996-06-26',10,16),(203,'Gracelyn','Moore','Female','1992-03-07',5,21),(204,'Skyler','Villanueva','Female','1995-03-31',9,22),(205,'Thalia','Preston','Female','1992-04-07',2,12),(206,'Lexie','Weber','Female','1996-08-04',8,14),(207,'Natasha','Evans','Female','1993-02-01',5,19),(208,'Celia','Dorsey','Female','1995-01-27',1,13),(209,'Jacquelyn','Henderson','Female','1994-10-02',5,14),(210,'Lola','Mendoza','Female','1990-06-10',2,21),(211,'Taryn','Howell','Female','1997-03-14',6,4),(212,'Rebecca','Marsh','Female','1995-12-31',3,10),(213,'Gretchen','Sampson','Female','1997-09-01',4,25),(214,'Maddison','Higgins','Female','1990-03-14',4,6),(215,'Chana','Brooks','Female','1992-03-22',6,4),(216,'Alivia','Mercado','Female','1990-05-19',3,9),(217,'Lilliana','Barber','Female','1990-06-03',3,12),(218,'Kathryn','Browning','Female','1990-08-06',7,18),(219,'Jordan','Rubio','Female','1992-11-28',8,18),(220,'Lea','Chase','Female','1991-03-22',5,23),(221,'Isabelle','Garrison','Female','1996-09-05',4,3),(222,'Avah','Booker','Female','1990-07-27',2,8),(223,'Eva','Hoover','Female','1997-02-02',1,14),(224,'Hillary','Barr','Female','1990-03-20',10,12),(225,'Tess','Merritt','Female','1993-05-15',3,24),(226,'Jayden','Watkins','Female','1996-06-28',6,10),(227,'Isabel','Mcknight','Female','1992-07-05',7,1),(228,'Mikayla','Vaughn','Female','1994-05-26',1,25),(229,'Marissa','Vang','Female','1991-04-09',6,2),(230,'Kayden','Hansen','Female','1992-01-30',5,23),(231,'India','Mccarty','Female','1997-04-24',1,18),(232,'Amari','Figueroa','Female','1990-01-29',4,9),(233,'Miah','Shannon','Female','1991-07-07',10,17),(234,'Janet','Becker','Female','1993-08-11',3,3),(235,'Juliet','Hood','Female','1997-05-12',5,19),(236,'Aliyah','Larson','Female','1997-02-28',4,3),(237,'Amya','Guerra','Female','1996-09-02',9,6),(238,'Aracely','Madden','Female','1997-12-11',3,16),(239,'Elyse','Mercer','Female','1995-08-05',2,16),(240,'Joslyn','Bernard','Female','1991-04-22',7,NULL),(241,'Allisson','Stout','Female','1992-06-02',9,14),(242,'Precious','Cook','Female','1991-09-09',5,6),(243,'Greta','Garner','Female','1995-11-19',10,21),(244,'Erin','Rivers','Female','1996-12-08',3,12),(245,'Ainsley','Hogan','Female','1996-09-13',10,1),(246,'Paloma','Bowers','Female','1996-04-09',4,23),(247,'Emma','Cardenas','Female','1990-08-25',5,10),(248,'Mayra','Wilkinson','Female','1993-08-21',7,20),(249,'Hailey','Curtis','Female','1992-12-21',9,6),(250,'Keely','Adams','Female','1993-07-04',4,22),(251,'Zariah','Reeves','Female','1994-11-30',2,5),(252,'Harley','Rangel','Female','1994-05-31',6,14),(253,'Heidy','Wade','Female','1993-01-04',2,17),(254,'Teresa','Pennington','Female','1990-08-23',2,24),(255,'Iris','Cabrera','Female','1997-12-15',3,5),(256,'Paityn','Potts','Female','1996-06-02',7,19),(257,'Crystal','Herrera','Female','1993-01-09',2,16),(258,'Sharon','Stevens','Female','1992-03-18',5,13),(259,'Talia','Whitehead','Female','1993-10-30',9,8),(260,'Quinn','Carson','Female','1997-12-22',9,2),(261,'Anastasia','Ford','Female','1990-04-08',6,15),(262,'Isabell','Mcgrath','Female','1995-12-16',1,21),(263,'Brenda','Barrera','Female','1996-09-04',5,11),(264,'Haley','Blanchard','Female','1996-10-07',4,15),(265,'Kimora','Key','Female','1995-11-12',2,8),(266,'Damaris','Thornton','Female','1993-06-24',8,11),(267,'Dalia','Malone','Female','1991-08-29',9,15),(268,'Haleigh','Mcmahon','Female','1993-04-12',3,9),(269,'Hana','Swanson','Female','1990-04-18',3,1),(270,'Amina','Zimmerman','Female','1992-09-14',7,5),(271,'Monique','Berger','Female','1992-05-12',8,5),(272,'Lillian','Osborn','Female','1994-02-14',8,3),(273,'Kayley','Contreras','Female','1995-03-12',6,25),(274,'Kaliyah','Vargas','Female','1990-12-02',9,1),(275,'Rhianna','Hendricks','Female','1994-03-30',2,22),(276,'Karen','Mayo','Female','1995-10-21',9,25),(277,'Laylah','Knapp','Female','1993-10-17',3,14),(278,'Itzel','Wilkerson','Female','1996-03-17',8,24),(279,'Samantha','Yates','Female','1991-09-13',9,4),(280,'Nyla','Bond','Female','1993-02-27',8,4),(281,'Tara','Peters','Female','1994-04-25',2,1),(282,'Haylie','Franklin','Female','1997-12-22',7,9),(283,'Kathy','Rogers','Female','1990-06-09',2,5),(284,'Whitney','Oconnell','Female','1997-11-23',6,8),(285,'Vanessa','Rollins','Female','1990-11-10',7,1),(286,'Elise','Blevins','Female','1996-03-26',9,19),(287,'Janiah','Graves','Female','1993-01-25',1,16),(288,'Liana','Lang','Female','1992-03-11',7,1),(289,'Izabelle','Mathis','Female','1993-08-21',4,14),(290,'Hailee','Hensley','Female','1997-06-30',10,10),(291,'Carley','Donaldson','Female','1990-04-30',10,22),(292,'Ashlynn','Patterson','Female','1992-06-29',3,23),(293,'Annika','Boyer','Female','1990-12-15',2,19),(294,'Madelyn','Chapman','Female','1995-08-25',6,10),(295,'Brynn','Cantrell','Female','1997-09-12',1,4),(296,'Myla','Bryant','Female','1996-04-01',3,13),(297,'Madalynn','Graham','Female','1992-04-22',5,14),(298,'Malia','Pratt','Female','1997-05-09',3,8),(299,'Kaitlynn','Maldonado','Female','1992-01-07',6,20),(300,'Chloe','Cameron','Female','1994-10-21',6,9),(301,'Emilie','Lozano','Female','1996-09-05',9,23),(302,'Annabella','Harding','Female','1996-06-14',3,22),(303,'Zoie','Schmitt','Female','1991-03-26',10,11),(304,'Alena','Navarro','Female','1992-06-12',3,15),(305,'Abbie','Mccoy','Female','1994-02-08',9,16),(306,'Ansley','Hobbs','Female','1994-04-10',4,6),(307,'Hope','Ramos','Female','1992-09-30',2,11),(308,'Shyla','Frey','Female','1996-05-25',4,3),(309,'Giovanna','Glenn','Female','1993-07-21',9,14),(310,'Logan','Spears','Female','1991-10-28',4,13),(311,'Celeste','Wyatt','Female','1997-04-23',10,18),(312,'Alexandra','Day','Female','1993-12-11',7,19),(313,'Carla','Stone','Female','1990-10-17',1,14),(314,'Makenzie','Wise','Female','1995-02-20',2,20),(315,'Justice','Cervantes','Female','1990-02-14',7,11),(316,'Nylah','Murphy','Female','1990-07-25',1,18),(317,'Mariam','Patton','Female','1994-08-26',10,20),(318,'Kiersten','Stuart','Female','1994-01-11',2,2),(319,'Lizbeth','Burnett','Female','1996-10-22',1,24),(320,'Monserrat','Price','Female','1994-06-28',10,25),(321,'Addison','Larsen','Female','1991-07-14',5,2),(322,'Elle','Montgomery','Female','1992-10-18',10,10),(323,'Meadow','Tran','Female','1993-08-20',7,23),(324,'Gabriela','Gaines','Female','1992-12-19',3,21),(325,'Desiree','Summers','Female','1993-05-06',4,8),(326,'Marilyn','Hamilton','Female','1993-11-28',6,12),(327,'Adelyn','Gibbs','Female','1996-07-01',7,19),(328,'Essence','Rocha','Female','1997-09-15',5,23),(329,'Annabel','Huerta','Female','1994-05-08',1,17),(330,'Angel','Pierce','Female','1997-01-10',7,5),(331,'Josie','Mcpherson','Female','1994-07-14',8,22),(332,'Kadence','Benton','Female','1990-10-13',8,9),(333,'Lindsay','Johnson','Female','1996-05-10',2,12),(334,'Lilianna','Johns','Female','1990-02-08',2,15),(335,'Yamilet','Benson','Female','1996-08-13',2,1),(336,'Rihanna','Wright','Female','1992-02-28',3,14),(337,'Madelynn','Hickman','Female','1997-07-07',10,14),(338,'Harper','May','Female','1992-01-07',8,7),(339,'Kendal','Morris','Female','1991-06-12',5,4),(340,'Viviana','Nicholson','Female','1994-07-13',4,20),(341,'Ryann','Jacobs','Female','1990-05-30',8,NULL),(342,'Hazel','Powell','Female','1990-04-11',2,2),(343,'Alia','Orr','Female','1993-07-23',3,3),(344,'Marie','Mueller','Female','1995-07-29',2,11),(345,'Milagros','Jones','Female','1995-11-01',2,8),(346,'Virginia','Humphrey','Female','1994-11-23',4,14),(347,'Genesis','Cortez','Female','1991-03-11',8,12),(348,'Jordyn','Shah','Female','1995-05-19',10,21),(349,'Keira','Cooke','Female','1990-08-10',8,11),(350,'Kayla','Friedman','Female','1990-06-19',5,9),(351,'Anne','Mata','Female','1990-05-19',8,18),(352,'Karlee','Flowers','Female','1995-09-29',2,7),(353,'Regina','Berg','Female','1993-09-10',7,13),(354,'Jaylyn','Russo','Female','1990-06-16',4,5),(355,'Sarahi','Glover','Female','1996-08-28',6,9),(356,'Miley','Hays','Female','1997-08-24',2,7),(357,'Rebekah','Terrell','Female','1990-01-30',9,12),(358,'Skye','Underwood','Female','1991-02-02',8,9),(359,'Shyanne','Case','Female','1996-11-29',5,10),(360,'Jazmin','Gardner','Female','1990-02-16',2,5);
/*!40000 ALTER TABLE `student` ENABLE KEYS */;
UNLOCK TABLES;
/*!40103 SET TIME_ZONE=@OLD_TIME_ZONE */;

/*!40101 SET SQL_MODE=@OLD_SQL_MODE */;
/*!40014 SET FOREIGN_KEY_CHECKS=@OLD_FOREIGN_KEY_CHECKS */;
/*!40014 SET UNIQUE_CHECKS=@OLD_UNIQUE_CHECKS */;
/*!40101 SET CHARACTER_SET_CLIENT=@OLD_CHARACTER_SET_CLIENT */;
/*!40101 SET CHARACTER_SET_RESULTS=@OLD_CHARACTER_SET_RESULTS */;
/*!40101 SET COLLATION_CONNECTION=@OLD_COLLATION_CONNECTION */;
/*!40111 SET SQL_NOTES=@OLD_SQL_NOTES */;

-- Dump completed on 2021-01-06 16:33:26
